"ZIP","hra20_id","s2t_fraction","isect_amount","tcoverage_amount","target_amount","hra20_name","source_id","target_id","method","creation_date"
98002,1,0.00692229222571978,1421164.0766101,9336623780.95616,9336629268.93916,"Enumclaw, Black Diamond, and Southeast King County",98002,1,"geographic overlap",2023-03-13
98010,1,0.760118761302075,394610140.789886,9336623780.95616,9336629268.93916,"Enumclaw, Black Diamond, and Southeast King County",98010,1,"geographic overlap",2023-03-13
98022,1,0.540740931924637,7499217109.97321,9336623780.95616,9336629268.93916,"Enumclaw, Black Diamond, and Southeast King County",98022,1,"geographic overlap",2023-03-13
98038,1,0.00151491170090533,2486814.37488555,9336623780.95616,9336629268.93916,"Enumclaw, Black Diamond, and Southeast King County",98038,1,"geographic overlap",2023-03-13
98042,1,0.372025865104947,285722876.440565,9336623780.95616,9336629268.93916,"Enumclaw, Black Diamond, and Southeast King County",98042,1,"geographic overlap",2023-03-13
98051,1,0.258243893764708,297361338.688573,9336623780.95616,9336629268.93916,"Enumclaw, Black Diamond, and Southeast King County",98051,1,"geographic overlap",2023-03-13
98092,1,0.675084109266862,850046374.603468,9336623780.95616,9336629268.93916,"Enumclaw, Black Diamond, and Southeast King County",98092,1,"geographic overlap",2023-03-13
98321,1,0.00147468002565534,1685995.03022021,9336623780.95616,9336629268.93916,"Enumclaw, Black Diamond, and Southeast King County",98321,1,"geographic overlap",2023-03-13
98391,1,0.000458348312959322,488990.907865233,9336623780.95616,9336629268.93916,"Enumclaw, Black Diamond, and Southeast King County",98391,1,"geographic overlap",2023-03-13
98396,1,1.72589583052788e-05,207816.995013603,9336623780.95616,9336629268.93916,"Enumclaw, Black Diamond, and Southeast King County",98396,1,"geographic overlap",2023-03-13
98925,1,0.00056272242794851,3375159.07586283,9336623780.95616,9336629268.93916,"Enumclaw, Black Diamond, and Southeast King County",98925,1,"geographic overlap",2023-03-13
98001,2,0.0893204408427375,46921097.8213737,339310683.856357,339311249.089383,"Auburn - South",98001,2,"geographic overlap",2023-03-13
98002,2,0.477466891699054,98025158.7374763,339310683.856357,339311249.089383,"Auburn - South",98002,2,"geographic overlap",2023-03-13
98047,2,0.0713029346545569,4854358.92759114,339310683.856357,339311249.089383,"Auburn - South",98047,2,"geographic overlap",2023-03-13
98092,2,0.150134565879043,189045100.716031,339310683.856357,339311249.089383,"Auburn - South",98092,2,"geographic overlap",2023-03-13
98391,2,0.000435830475190465,464967.653884734,339310683.856357,339311249.089383,"Auburn - South",98391,2,"geographic overlap",2023-03-13
98001,3,0.0967489369668226,50823375.8443581,314143539.277416,314144107.413334,"Federal Way - Dash Point and Southern Rim",98001,3,"geographic overlap",2023-03-13
98003,3,0.336801161322243,106746862.840388,314143539.277416,314144107.413334,"Federal Way - Dash Point and Southern Rim",98003,3,"geographic overlap",2023-03-13
98023,3,0.299996202542413,154472878.04665,314143539.277416,314144107.413334,"Federal Way - Dash Point and Southern Rim",98023,3,"geographic overlap",2023-03-13
98354,3,0.000561916559183905,40789.9256043425,314143539.277416,314144107.413334,"Federal Way - Dash Point and Southern Rim",98354,3,"geographic overlap",2023-03-13
98422,3,0.00714021053522216,2059632.62041537,314143539.277416,314144107.413334,"Federal Way - Dash Point and Southern Rim",98422,3,"geographic overlap",2023-03-13
98001,4,0.472168787331638,248035921.560149,390855228.514894,390856001.169629,"Lakeland, Algona, Pacific, and Milton",98001,4,"geographic overlap",2023-03-13
98002,4,0.00165519010365685,339814.708563978,390855228.514894,390856001.169629,"Lakeland, Algona, Pacific, and Milton",98002,4,"geographic overlap",2023-03-13
98003,4,0.111932699301871,35476316.2122807,390855228.514894,390856001.169629,"Lakeland, Algona, Pacific, and Milton",98003,4,"geographic overlap",2023-03-13
98032,4,0.0993566657589932,47518817.5774792,390855228.514894,390856001.169629,"Lakeland, Algona, Pacific, and Milton",98032,4,"geographic overlap",2023-03-13
98047,4,0.645332084910823,43934707.3556621,390855228.514894,390856001.169629,"Lakeland, Algona, Pacific, and Milton",98047,4,"geographic overlap",2023-03-13
98092,4,0.000474936250285638,598025.982512768,390855228.514894,390856001.169629,"Lakeland, Algona, Pacific, and Milton",98092,4,"geographic overlap",2023-03-13
98354,4,0.204925953314495,14875721.7659455,390855228.514894,390856001.169629,"Lakeland, Algona, Pacific, and Milton",98354,4,"geographic overlap",2023-03-13
98372,4,0.000191985556139876,71786.6297670164,390855228.514894,390856001.169629,"Lakeland, Algona, Pacific, and Milton",98372,4,"geographic overlap",2023-03-13
98390,4,1.58699625351738e-05,4116.72253420949,390855228.514894,390856001.169629,"Lakeland, Algona, Pacific, and Milton",98390,4,"geographic overlap",2023-03-13
98001,5,0.336890067212311,176972388.957967,457575703.494527,457576336.178017,"Auburn - North",98001,5,"geographic overlap",2023-03-13
98002,5,0.511325534177657,104976423.550393,457575703.494527,457576336.178017,"Auburn - North",98002,5,"geographic overlap",2023-03-13
98030,5,0.0100968210314584,2025928.49804344,457575703.494527,457576336.178017,"Auburn - North",98030,5,"geographic overlap",2023-03-13
98032,5,0.00182780948594326,874177.337428037,457575703.494527,457576336.178017,"Auburn - North",98032,5,"geographic overlap",2023-03-13
98042,5,1.4392758894191e-05,11053.9101091902,457575703.494527,457576336.178017,"Auburn - North",98042,5,"geographic overlap",2023-03-13
98092,5,0.137166217119997,172715731.240586,457575703.494527,457576336.178017,"Auburn - North",98092,5,"geographic overlap",2023-03-13
98003,6,0.108807004109348,34485648.1436578,281347555.037413,281347775.99567,"Federal Way - Central",98003,6,"geographic overlap",2023-03-13
98023,6,0.470180426771784,242103477.007751,281347555.037413,281347775.99567,"Federal Way - Central",98023,6,"geographic overlap",2023-03-13
98198,6,0.0140213062161102,4707329.14326281,281347555.037413,281347775.99567,"Federal Way - Central",98198,6,"geographic overlap",2023-03-13
98422,6,0.000177152982555991,51100.7427408919,281347555.037413,281347775.99567,"Federal Way - Central",98422,6,"geographic overlap",2023-03-13
98001,7,0.00454460621784878,2387336.1001738,141953104.717288,141953425.327884,"Federal Way - North Corridor",98001,7,"geographic overlap",2023-03-13
98003,7,0.43932786237012,139242011.168466,141953104.717288,141953425.327884,"Federal Way - North Corridor",98003,7,"geographic overlap",2023-03-13
98032,7,0.000415226050001068,198588.094444303,141953104.717288,141953425.327884,"Federal Way - North Corridor",98032,7,"geographic overlap",2023-03-13
98198,7,0.000372830917650308,125169.354203833,141953104.717288,141953425.327884,"Federal Way - North Corridor",98198,7,"geographic overlap",2023-03-13
98010,8,0.238606909593645,123871046.186123,8910854788.86829,8910859627.76047,"East Highlands, Hobart, and Greater Maple Valley",98010,8,"geographic overlap",2023-03-13
98022,8,0.278273914350521,3859216820.01963,8910854788.86829,8910859627.76047,"East Highlands, Hobart, and Greater Maple Valley",98022,8,"geographic overlap",2023-03-13
98027,8,0.0199556450683238,32130188.4089666,8910854788.86829,8910859627.76047,"East Highlands, Hobart, and Greater Maple Valley",98027,8,"geographic overlap",2023-03-13
98038,8,0.823450226985977,1351740738.58412,8910854788.86829,8910859627.76047,"East Highlands, Hobart, and Greater Maple Valley",98038,8,"geographic overlap",2023-03-13
98042,8,0.228630161321646,175592273.175585,8910854788.86829,8910859627.76047,"East Highlands, Hobart, and Greater Maple Valley",98042,8,"geographic overlap",2023-03-13
98045,8,0.227548867928835,1833285750.45742,8910854788.86829,8910859627.76047,"East Highlands, Hobart, and Greater Maple Valley",98045,8,"geographic overlap",2023-03-13
98051,8,0.741746101211518,854101951.484089,8910854788.86829,8910859627.76047,"East Highlands, Hobart, and Greater Maple Valley",98051,8,"geographic overlap",2023-03-13
98058,8,0.557557918972857,349644011.197869,8910854788.86829,8910859627.76047,"East Highlands, Hobart, and Greater Maple Valley",98058,8,"geographic overlap",2023-03-13
98059,8,0.144481755448992,66795279.2968617,8910854788.86829,8910859627.76047,"East Highlands, Hobart, and Greater Maple Valley",98059,8,"geographic overlap",2023-03-13
98065,8,0.108352510078178,260605454.377717,8910854788.86829,8910859627.76047,"East Highlands, Hobart, and Greater Maple Valley",98065,8,"geographic overlap",2023-03-13
98068,8,2.72755276960696e-05,48354.5948782731,8910854788.86829,8910859627.76047,"East Highlands, Hobart, and Greater Maple Valley",98068,8,"geographic overlap",2023-03-13
98925,8,0.000637375420378615,3822921.08502847,8910854788.86829,8910859627.76047,"East Highlands, Hobart, and Greater Maple Valley",98925,8,"geographic overlap",2023-03-13
98001,9,0.000211323369415865,111010.698052441,209714092.588579,209714622.971732,"Kent - South",98001,9,"geographic overlap",2023-03-13
98002,9,0.00263009179305982,539964.487571889,209714092.588579,209714622.971732,"Kent - South",98002,9,"geographic overlap",2023-03-13
98030,9,0.649275846400743,130277285.911696,209714092.588579,209714622.971732,"Kent - South",98030,9,"geographic overlap",2023-03-13
98032,9,0.0545670540994473,26097513.1329563,209714092.588579,209714622.971732,"Kent - South",98032,9,"geographic overlap",2023-03-13
98042,9,0.0683615068131529,52502925.7279069,209714092.588579,209714622.971732,"Kent - South",98042,9,"geographic overlap",2023-03-13
98092,9,0.000147233871579188,185392.63039481,209714092.588579,209714622.971732,"Kent - South",98092,9,"geographic overlap",2023-03-13
98010,10,0.00127432910431247,661558.710120501,172431920.710324,172432092.597151,"Maple Valley",98010,10,"geographic overlap",2023-03-13
98038,10,0.104458889136775,171475252.936965,172431920.710324,172432092.597151,"Maple Valley",98038,10,"geographic overlap",2023-03-13
98042,10,0.000369246836883987,283588.530387024,172431920.710324,172432092.597151,"Maple Valley",98042,10,"geographic overlap",2023-03-13
98051,10,1.00050237702753e-05,11520.5328519819,172431920.710324,172432092.597151,"Maple Valley",98051,10,"geographic overlap",2023-03-13
98038,11,5.18419897923445e-05,85101.5972490194,170503456.754403,170503535.057947,"Covington",98038,11,"geographic overlap",2023-03-13
98042,11,0.221893454234108,170418355.157154,170503456.754403,170503535.057947,"Covington",98042,11,"geographic overlap",2023-03-13
98030,12,0.324584687207233,65127961.1466645,106776806.755006,106777102.461416,"Kent - Central",98030,12,"geographic overlap",2023-03-13
98031,12,0.122595826760187,27967819.3707875,106776806.755006,106777102.461416,"Kent - Central",98031,12,"geographic overlap",2023-03-13
98032,12,0.0286055339846867,13681026.2375544,106776806.755006,106777102.461416,"Kent - Central",98032,12,"geographic overlap",2023-03-13
98001,13,7.74990164056183e-05,40711.1619190348,390994913.752801,390995525.632588,"Kent - West",98001,13,"geographic overlap",2023-03-13
98003,13,2.31857248597492e-05,7348.55955288885,390994913.752801,390995525.632588,"Kent - West",98003,13,"geographic overlap",2023-03-13
98031,13,0.0782005824686273,17839920.1911757,390994913.752801,390995525.632588,"Kent - West",98031,13,"geographic overlap",2023-03-13
98032,13,0.777928574432321,372056023.965477,390994913.752801,390995525.632588,"Kent - West",98032,13,"geographic overlap",2023-03-13
98055,13,0.00400368923264336,499921.182051367,390994913.752801,390995525.632588,"Kent - West",98055,13,"geographic overlap",2023-03-13
98057,13,0.0010696068148532,202719.617665353,390994913.752801,390995525.632588,"Kent - West",98057,13,"geographic overlap",2023-03-13
98188,13,0.000388640471267791,85409.3581844995,390994913.752801,390995525.632588,"Kent - West",98188,13,"geographic overlap",2023-03-13
98198,13,0.000782957058793053,262859.716774828,390994913.752801,390995525.632588,"Kent - West",98198,13,"geographic overlap",2023-03-13
98030,14,0.0160426453604235,3218958.94939833,261898812.725824,261899138.439791,"Kent - East",98030,14,"geographic overlap",2023-03-13
98031,14,0.789954998632963,180212649.130665,261898812.725824,261899138.439791,"Kent - East",98031,14,"geographic overlap",2023-03-13
98032,14,0.00487070208093769,2329486.42036508,261898812.725824,261899138.439791,"Kent - East",98032,14,"geographic overlap",2023-03-13
98042,14,0.0980217772210161,75282572.4456129,261898812.725824,261899138.439791,"Kent - East",98042,14,"geographic overlap",2023-03-13
98055,14,0.00681725957462411,851238.012458563,261898812.725824,261899138.439791,"Kent - East",98055,14,"geographic overlap",2023-03-13
98058,14,6.23149988876611e-06,3907.76732379856,261898812.725824,261899138.439791,"Kent - East",98058,14,"geographic overlap",2023-03-13
98003,15,0.00299362960863954,948810.770051421,376400276.613014,376400952.039571,"Des Moines and Normandy Park",98003,15,"geographic overlap",2023-03-13
98023,15,4.19703134289631e-05,21611.1905849052,376400276.613014,376400952.039571,"Des Moines and Normandy Park",98023,15,"geographic overlap",2023-03-13
98032,15,0.000873807155433298,417911.395272164,376400276.613014,376400952.039571,"Des Moines and Normandy Park",98032,15,"geographic overlap",2023-03-13
98070,15,0.000664079373439268,1510787.309018,376400276.613014,376400952.039571,"Des Moines and Normandy Park",98070,15,"geographic overlap",2023-03-13
98148,15,0.170103449224358,13418787.4693382,376400276.613014,376400952.039571,"Des Moines and Normandy Park",98148,15,"geographic overlap",2023-03-13
98166,15,0.361994257545199,151371569.720369,376400276.613014,376400952.039571,"Des Moines and Normandy Park",98166,15,"geographic overlap",2023-03-13
98198,15,0.621668451671478,208710798.758381,376400276.613014,376400952.039571,"Des Moines and Normandy Park",98198,15,"geographic overlap",2023-03-13
98023,16,0.228925103203974,117877223.942676,2493987222.7721,2493988146.59479,"Vashon",98023,16,"geographic overlap",2023-03-13
98070,16,0.98127152976313,2232402681.30748,2493987222.7721,2493988146.59479,"Vashon",98070,16,"geographic overlap",2023-03-13
98136,16,0.00125183896521094,299652.208040833,2493987222.7721,2493988146.59479,"Vashon",98136,16,"geographic overlap",2023-03-13
98146,16,0.0558159117137158,14383042.0733715,2493987222.7721,2493988146.59479,"Vashon",98146,16,"geographic overlap",2023-03-13
98166,16,0.125611702150961,52525807.0632909,2493987222.7721,2493988146.59479,"Vashon",98166,16,"geographic overlap",2023-03-13
98198,16,0.227640592007592,76425061.7189797,2493987222.7721,2493988146.59479,"Vashon",98198,16,"geographic overlap",2023-03-13
98359,16,5.20675291747519e-06,2346.1660722415,2493987222.7721,2493988146.59479,"Vashon",98359,16,"geographic overlap",2023-03-13
98366,16,1.79712629035326e-05,19858.1589533035,2493987222.7721,2493988146.59479,"Vashon",98366,16,"geographic overlap",2023-03-13
98407,16,6.49213244098713e-05,26427.2019446064,2493987222.7721,2493988146.59479,"Vashon",98407,16,"geographic overlap",2023-03-13
98422,16,8.70946676858791e-05,25122.9312840551,2493987222.7721,2493988146.59479,"Vashon",98422,16,"geographic overlap",2023-03-13
98031,17,0.00438914878434468,1001297.70838112,175190590.708902,175190725.50505,"Fairwood",98031,17,"geographic overlap",2023-03-13
98042,17,0.0106835957095829,8205202.87214166,175190590.708902,175190725.50505,"Fairwood",98042,17,"geographic overlap",2023-03-13
98058,17,0.264685625695471,165984090.128379,175190590.708902,175190725.50505,"Fairwood",98058,17,"geographic overlap",2023-03-13
98032,18,0.00851545381750628,4072643.67672185,289202935.870104,289203765.527383,"Seatac",98032,18,"geographic overlap",2023-03-13
98148,18,0.352832239991583,27833538.1343909,289202935.870104,289203765.527383,"Seatac",98148,18,"geographic overlap",2023-03-13
98158,18,1.00000000000001,59126132.3061869,289202935.870104,289203765.527383,"Seatac",98158,18,"geographic overlap",2023-03-13
98168,18,0.143405834542004,37272845.2520027,289202935.870104,289203765.527383,"Seatac",98168,18,"geographic overlap",2023-03-13
98188,18,0.525117390074563,115402132.751337,289202935.870104,289203765.527383,"Seatac",98188,18,"geographic overlap",2023-03-13
98198,18,0.135513862127802,45495643.7494642,289202935.870104,289203765.527383,"Seatac",98198,18,"geographic overlap",2023-03-13
98031,19,0.00485944335412486,1108586.13675807,291655061.492643,291655679.969705,"Renton - South",98031,19,"geographic overlap",2023-03-13
98032,19,1.09632232981901e-06,524.332619244233,291655061.492643,291655679.969705,"Renton - South",98032,19,"geographic overlap",2023-03-13
98055,19,0.973185470413081,121516931.623314,291655061.492643,291655679.969705,"Renton - South",98055,19,"geographic overlap",2023-03-13
98057,19,0.521481125791114,98834873.6863471,291655061.492643,291655679.969705,"Renton - South",98057,19,"geographic overlap",2023-03-13
98058,19,0.107588750367165,67468797.3357847,291655061.492643,291655679.969705,"Renton - South",98058,19,"geographic overlap",2023-03-13
98168,19,0.000323013302090844,83954.9162111953,291655061.492643,291655679.969705,"Renton - South",98168,19,"geographic overlap",2023-03-13
98178,19,0.0163521038900827,2488941.78690677,291655061.492643,291655679.969705,"Renton - South",98178,19,"geographic overlap",2023-03-13
98188,19,0.000693704904954906,152451.674701713,291655061.492643,291655679.969705,"Renton - South",98188,19,"geographic overlap",2023-03-13
98070,20,0.00689542475435337,15687161.2428094,446536292.168207,446536913.247924,"Burien",98070,20,"geographic overlap",2023-03-13
98146,20,0.361636991014845,93189198.1579123,446536292.168207,446536913.247924,"Burien",98146,20,"geographic overlap",2023-03-13
98148,20,0.4770643107852,37633714.2181608,446536292.168207,446536913.247924,"Burien",98148,20,"geographic overlap",2023-03-13
98166,20,0.512394040304346,214262764.062068,446536292.168207,446536913.247924,"Burien",98166,20,"geographic overlap",2023-03-13
98168,20,0.329971583355022,85763454.4872557,446536292.168207,446536913.247924,"Burien",98168,20,"geographic overlap",2023-03-13
98032,21,0.0230380768133613,11018306.2310641,267856498.527147,267857082.803385,"Tukwila",98032,21,"geographic overlap",2023-03-13
98057,21,0.0189762991666383,3596525.43191045,267856498.527147,267857082.803385,"Tukwila",98057,21,"geographic overlap",2023-03-13
98108,21,0.104087462748024,22448521.2850331,267856498.527147,267857082.803385,"Tukwila",98108,21,"geographic overlap",2023-03-13
98118,21,7.27823548078646e-05,18655.0598474753,267856498.527147,267857082.803385,"Tukwila",98118,21,"geographic overlap",2023-03-13
98168,21,0.40633536404604,105611289.755914,267856498.527147,267857082.803385,"Tukwila",98168,21,"geographic overlap",2023-03-13
98178,21,0.138222512949187,21038747.7160746,267856498.527147,267857082.803385,"Tukwila",98178,21,"geographic overlap",2023-03-13
98188,21,0.473800264549335,104124453.047303,267856498.527147,267857082.803385,"Tukwila",98188,21,"geographic overlap",2023-03-13
98006,22,0.0595516283983324,20526646.9902971,1619128903.011,1619130166.91029,"Newcastle and Four Creeks",98006,22,"geographic overlap",2023-03-13
98027,22,0.698407907295445,1124492722.27909,1619128903.011,1619130166.91029,"Newcastle and Four Creeks",98027,22,"geographic overlap",2023-03-13
98038,22,0.0705241301864073,115769401.35788,1619128903.011,1619130166.91029,"Newcastle and Four Creeks",98038,22,"geographic overlap",2023-03-13
98040,22,0.000581947866857423,206957.580881926,1619128903.011,1619130166.91029,"Newcastle and Four Creeks",98040,22,"geographic overlap",2023-03-13
98056,22,0.27856358583321,65225973.7863905,1619128903.011,1619130166.91029,"Newcastle and Four Creeks",98056,22,"geographic overlap",2023-03-13
98058,22,1.64895984437301e-05,10340.6106284513,1619128903.011,1619130166.91029,"Newcastle and Four Creeks",98058,22,"geographic overlap",2023-03-13
98059,22,0.63336110462678,292808816.918412,1619128903.011,1619130166.91029,"Newcastle and Four Creeks",98059,22,"geographic overlap",2023-03-13
98065,22,3.66060368200722e-05,88043.4874243275,1619128903.011,1619130166.91029,"Newcastle and Four Creeks",98065,22,"geographic overlap",2023-03-13
98040,23,0.0175505442565707,6241483.79839486,413533371.795609,413534121.197224,"Renton - North",98040,23,"geographic overlap",2023-03-13
98055,23,0.0159935807795435,1997040.56532493,413533371.795609,413534121.197224,"Renton - North",98055,23,"geographic overlap",2023-03-13
98056,23,0.717289678253204,167954176.821249,413533371.795609,413534121.197224,"Renton - North",98056,23,"geographic overlap",2023-03-13
98057,23,0.456243965665401,86470655.3823782,413533371.795609,413534121.197224,"Renton - North",98057,23,"geographic overlap",2023-03-13
98058,23,0.070144983866361,43987848.9567972,413533371.795609,413534121.197224,"Renton - North",98058,23,"geographic overlap",2023-03-13
98059,23,0.221882389807086,102578323.139573,413533371.795609,413534121.197224,"Renton - North",98059,23,"geographic overlap",2023-03-13
98118,23,0.00437519396455831,1121418.85857654,413533371.795609,413534121.197224,"Renton - North",98118,23,"geographic overlap",2023-03-13
98178,23,0.0209082159387279,3182424.27331514,413533371.795609,413534121.197224,"Renton - North",98178,23,"geographic overlap",2023-03-13
98057,24,0.00222900256218042,422456.683059113,86586045.0602609,86586185.8788486,"Skyway",98057,24,"geographic overlap",2023-03-13
98178,24,0.566086340828953,86163588.3772018,86586045.0602609,86586185.8788486,"Skyway",98178,24,"geographic overlap",2023-03-13
98024,25,0.000611621866761399,1341588.93136662,324158796.564786,324159093.148198,"Snoqualmie and North Bend",98024,25,"geographic overlap",2023-03-13
98045,25,0.0152844063451186,123141392.052411,324158796.564786,324159093.148198,"Snoqualmie and North Bend",98045,25,"geographic overlap",2023-03-13
98065,25,0.0830196584786429,199675815.581009,324158796.564786,324159093.148198,"Snoqualmie and North Bend",98065,25,"geographic overlap",2023-03-13
98106,26,0.0567944412374409,8661936.65180654,98340303.9642398,98340581.3164068,"North Highline and White Center",98106,26,"geographic overlap",2023-03-13
98108,26,0.0757227583691468,16331111.4339125,98340303.9642398,98340581.3164068,"North Highline and White Center",98108,26,"geographic overlap",2023-03-13
98126,26,0.0140749580507476,1490147.82707572,98340303.9642398,98340581.3164068,"North Highline and White Center",98126,26,"geographic overlap",2023-03-13
98146,26,0.161305421811359,41566331.1292933,98340303.9642398,98340581.3164068,"North Highline and White Center",98146,26,"geographic overlap",2023-03-13
98168,26,0.11654259593218,30290776.9221516,98340303.9642398,98340581.3164068,"North Highline and White Center",98168,26,"geographic overlap",2023-03-13
98106,27,0.721480426113971,110035729.031836,156687244.550404,156687634.786442,"Seattle - Delridge",98106,27,"geographic overlap",2023-03-13
98108,27,0.0258299670131295,5570743.57446516,156687244.550404,156687634.786442,"Seattle - Delridge",98108,27,"geographic overlap",2023-03-13
98126,27,0.3844843829566,40706236.2631264,156687244.550404,156687634.786442,"Seattle - Delridge",98126,27,"geographic overlap",2023-03-13
98134,27,0.00128713546440526,161594.38779068,156687244.550404,156687634.786442,"Seattle - Delridge",98134,27,"geographic overlap",2023-03-13
98136,27,0.000879994075799265,210643.840944565,156687244.550404,156687634.786442,"Seattle - Delridge",98136,27,"geographic overlap",2023-03-13
98146,27,8.88534793890662e-06,2289.63980553299,156687244.550404,156687634.786442,"Seattle - Delridge",98146,27,"geographic overlap",2023-03-13
98168,27,3.00580422457224e-08,7.81243497366086,156687244.550404,156687634.786442,"Seattle - Delridge",98168,27,"geographic overlap",2023-03-13
98006,28,9.01751679310261e-05,31082.1700295061,367427252.037142,367427753.128239,"Issaquah",98006,28,"geographic overlap",2023-03-13
98008,28,0.00600470942656326,1327492.08715801,367427252.037142,367427753.128239,"Issaquah",98008,28,"geographic overlap",2023-03-13
98027,28,0.157765122307794,254014494.984144,367427252.037142,367427753.128239,"Issaquah",98027,28,"geographic overlap",2023-03-13
98029,28,0.400553936655758,110645574.274981,367427252.037142,367427753.128239,"Issaquah",98029,28,"geographic overlap",2023-03-13
98075,28,0.00419235819190527,1408608.52082908,367427252.037142,367427753.128239,"Issaquah",98075,28,"geographic overlap",2023-03-13
98040,29,0.0144693296046604,5145714.28560184,308901377.280281,308901936.388342,"Seattle - Rainier Valley and Rainier Beach",98040,29,"geographic overlap",2023-03-13
98108,29,0.0153108243047565,3302082.27026123,308901377.280281,308901936.388342,"Seattle - Rainier Valley and Rainier Beach",98108,29,"geographic overlap",2023-03-13
98118,29,0.791530420185906,202879494.606154,308901377.280281,308901936.388342,"Seattle - Rainier Valley and Rainier Beach",98118,29,"geographic overlap",2023-03-13
98144,29,0.432528004735474,60089833.8881467,308901377.280281,308901936.388342,"Seattle - Rainier Valley and Rainier Beach",98144,29,"geographic overlap",2023-03-13
98178,29,0.246267867707226,37484252.2301173,308901377.280281,308901936.388342,"Seattle - Rainier Valley and Rainier Beach",98178,29,"geographic overlap",2023-03-13
98104,30,0.221342411011059,8551141.4019171,304708735.943091,304710053.112817,"Seattle - South Beacon Hill, Georgetown, and South Park",98104,30,"geographic overlap",2023-03-13
98106,30,0.00266650257272799,406678.468237532,304708735.943091,304710053.112817,"Seattle - South Beacon Hill, Georgetown, and South Park",98106,30,"geographic overlap",2023-03-13
98108,30,0.69262599167288,149378502.522206,304708735.943091,304710053.112817,"Seattle - South Beacon Hill, Georgetown, and South Park",98108,30,"geographic overlap",2023-03-13
98116,30,0.000190404005998655,70523.411044836,304708735.943091,304710053.112817,"Seattle - South Beacon Hill, Georgetown, and South Park",98116,30,"geographic overlap",2023-03-13
98118,30,0.185313731866661,47498308.7268565,304708735.943091,304710053.112817,"Seattle - South Beacon Hill, Georgetown, and South Park",98118,30,"geographic overlap",2023-03-13
98134,30,0.737369305674981,92573582.8289408,304708735.943091,304710053.112817,"Seattle - South Beacon Hill, Georgetown, and South Park",98134,30,"geographic overlap",2023-03-13
98144,30,0.0251166042124967,3489375.38943006,304708735.943091,304710053.112817,"Seattle - South Beacon Hill, Georgetown, and South Park",98144,30,"geographic overlap",2023-03-13
98168,30,0.0034215787641068,889308.138677839,304708735.943091,304710053.112817,"Seattle - South Beacon Hill, Georgetown, and South Park",98168,30,"geographic overlap",2023-03-13
98178,30,0.0121629586857563,1851315.05578066,304708735.943091,304710053.112817,"Seattle - South Beacon Hill, Georgetown, and South Park",98178,30,"geographic overlap",2023-03-13
98006,31,0.708389312847811,244172287.939205,244972979.048916,244973283.643631,"Bellevue - South",98006,31,"geographic overlap",2023-03-13
98008,31,0.000875845932230165,193627.778133892,244972979.048916,244973283.643631,"Bellevue - South",98008,31,"geographic overlap",2023-03-13
98027,31,0.000132539973815306,213399.983604889,244972979.048916,244973283.643631,"Bellevue - South",98027,31,"geographic overlap",2023-03-13
98056,31,0.00113876791571951,266643.775414267,244972979.048916,244973283.643631,"Bellevue - South",98056,31,"geographic overlap",2023-03-13
98059,31,0.00027475011726529,127019.57255814,244972979.048916,244973283.643631,"Bellevue - South",98059,31,"geographic overlap",2023-03-13
98070,32,0.0110227455227654,25076857.8461982,828066343.922194,828067567.255486,"Seattle - West Seattle",98070,32,"geographic overlap",2023-03-13
98104,32,0.00545431353344985,210716.988497019,828066343.922194,828067567.255486,"Seattle - West Seattle",98104,32,"geographic overlap",2023-03-13
98106,32,0.21905863007602,33409466.4091725,828066343.922194,828067567.255486,"Seattle - West Seattle",98106,32,"geographic overlap",2023-03-13
98116,32,0.884118849301002,327467254.140558,828066343.922194,828067567.255486,"Seattle - West Seattle",98116,32,"geographic overlap",2023-03-13
98126,32,0.584524360120352,61884923.7039041,828066343.922194,828067567.255486,"Seattle - West Seattle",98126,32,"geographic overlap",2023-03-13
98134,32,0.259671382822156,32600638.6229864,828066343.922194,828067567.255486,"Seattle - West Seattle",98134,32,"geographic overlap",2023-03-13
98136,32,0.997694289692073,238817695.537688,828066343.922194,828067567.255486,"Seattle - West Seattle",98136,32,"geographic overlap",2023-03-13
98146,32,0.42123279011218,108546268.561235,828066343.922194,828067567.255486,"Seattle - West Seattle",98146,32,"geographic overlap",2023-03-13
98199,32,0.000125890626039506,52493.8170940578,828066343.922194,828067567.255486,"Seattle - West Seattle",98199,32,"geographic overlap",2023-03-13
98366,32,2.56063209653697e-08,28.294861338858,828066343.922194,828067567.255486,"Seattle - West Seattle",98366,32,"geographic overlap",2023-03-13
98004,33,0.297866146612725,74688868.3518433,571699473.62336,571700604.430618,"Mercer Island and Point Cities",98004,33,"geographic overlap",2023-03-13
98006,33,0.00505296654956578,1741689.74730539,571699473.62336,571700604.430618,"Mercer Island and Point Cities",98006,33,"geographic overlap",2023-03-13
98033,33,0.00112127476204813,372547.716949589,571699473.62336,571700604.430618,"Mercer Island and Point Cities",98033,33,"geographic overlap",2023-03-13
98039,33,0.955296809729116,148240936.714543,571699473.62336,571700604.430618,"Mercer Island and Point Cities",98039,33,"geographic overlap",2023-03-13
98040,33,0.950446753059492,338006498.472939,571699473.62336,571700604.430618,"Mercer Island and Point Cities",98040,33,"geographic overlap",2023-03-13
98056,33,0.0030079679981178,704319.055947989,571699473.62336,571700604.430618,"Mercer Island and Point Cities",98056,33,"geographic overlap",2023-03-13
98105,33,0.000668642076725083,100050.806569993,571699473.62336,571700604.430618,"Mercer Island and Point Cities",98105,33,"geographic overlap",2023-03-13
98112,33,0.0216393604490356,3049019.37974501,571699473.62336,571700604.430618,"Mercer Island and Point Cities",98112,33,"geographic overlap",2023-03-13
98118,33,0.0187078716275681,4795069.70820704,571699473.62336,571700604.430618,"Mercer Island and Point Cities",98118,33,"geographic overlap",2023-03-13
98122,33,5.30782810277263e-06,473.669309027493,571699473.62336,571700604.430618,"Mercer Island and Point Cities",98122,33,"geographic overlap",2023-03-13
98104,34,0.234364528837,9054226.05873183,109351365.966064,109351631.630673,"Seattle - CD, CID, Judkins, and North Beacon Hill",98104,34,"geographic overlap",2023-03-13
98108,34,0.0864229958914961,18638829.4187082,109351365.966064,109351631.630673,"Seattle - CD, CID, Judkins, and North Beacon Hill",98108,34,"geographic overlap",2023-03-13
98112,34,0.0409657430236521,5772136.59705621,109351365.966064,109351631.630673,"Seattle - CD, CID, Judkins, and North Beacon Hill",98112,34,"geographic overlap",2023-03-13
98122,34,0.359262401026066,32060490.6486483,109351365.966064,109351631.630673,"Seattle - CD, CID, Judkins, and North Beacon Hill",98122,34,"geographic overlap",2023-03-13
98134,34,0.00167217603815466,209934.595570098,109351365.966064,109351631.630673,"Seattle - CD, CID, Judkins, and North Beacon Hill",98134,34,"geographic overlap",2023-03-13
98144,34,0.313947160722696,43615748.6473496,109351365.966064,109351631.630673,"Seattle - CD, CID, Judkins, and North Beacon Hill",98144,34,"geographic overlap",2023-03-13
98004,35,0.563710703818708,141348437.963919,221765059.344134,221765354.413292,"Bellevue - West",98004,35,"geographic overlap",2023-03-13
98005,35,0.19066625585278,40312994.551693,221765059.344134,221765354.413292,"Bellevue - West",98005,35,"geographic overlap",2023-03-13
98006,35,0.104644516486269,36069560.2648562,221765059.344134,221765354.413292,"Bellevue - West",98006,35,"geographic overlap",2023-03-13
98039,35,0.00390957461442416,606679.512686719,221765059.344134,221765354.413292,"Bellevue - West",98039,35,"geographic overlap",2023-03-13
98040,35,0.00963753332790313,3427387.05097863,221765059.344134,221765354.413292,"Bellevue - West",98040,35,"geographic overlap",2023-03-13
98004,36,0.0224513996222102,5629607.96239153,218074447.485677,218075027.108215,"Bellevue - Central",98004,36,"geographic overlap",2023-03-13
98005,36,0.376186632600282,79537984.330822,218074447.485677,218075027.108215,"Bellevue - Central",98005,36,"geographic overlap",2023-03-13
98006,36,0.120630040232397,41579555.7379769,218074447.485677,218075027.108215,"Bellevue - Central",98006,36,"geographic overlap",2023-03-13
98007,36,0.657715355429562,76272067.4100324,218074447.485677,218075027.108215,"Bellevue - Central",98007,36,"geographic overlap",2023-03-13
98008,36,0.0679320152508764,15018081.0267532,218074447.485677,218075027.108215,"Bellevue - Central",98008,36,"geographic overlap",2023-03-13
98052,36,6.52177896233864e-05,37151.0177005082,218074447.485677,218075027.108215,"Bellevue - Central",98052,36,"geographic overlap",2023-03-13
98008,37,0.008445900191691,1867178.72205403,674484239.795991,674485501.214559,"Sammamish",98008,37,"geographic overlap",2023-03-13
98024,37,4.50559597545174e-06,9882.99800640409,674484239.795991,674485501.214559,"Sammamish",98024,37,"geographic overlap",2023-03-13
98027,37,4.33084536844647e-06,6973.00824813545,674484239.795991,674485501.214559,"Sammamish",98027,37,"geographic overlap",2023-03-13
98029,37,0.205263711325725,56700282.1319604,674484239.795991,674485501.214559,"Sammamish",98029,37,"geographic overlap",2023-03-13
98052,37,0.00866771813606893,4937526.27550938,674484239.795991,674485501.214559,"Sammamish",98052,37,"geographic overlap",2023-03-13
98053,37,2.20485235990009e-05,17045.0876065923,674484239.795991,674485501.214559,"Sammamish",98053,37,"geographic overlap",2023-03-13
98074,37,0.79746552172574,299811323.982297,674484239.795991,674485501.214559,"Sammamish",98074,37,"geographic overlap",2023-03-13
98075,37,0.926009796235629,311134027.590308,674484239.795991,674485501.214559,"Sammamish",98075,37,"geographic overlap",2023-03-13
98014,38,0.964965987373405,1119203638.49304,25306945763.8329,25306956027.69,"Duvall, Carnation, Skykomish, and Northeast King County",98014,38,"geographic overlap",2023-03-13
98019,38,0.995760691121021,3176827516.46229,25306945763.8329,25306956027.69,"Duvall, Carnation, Skykomish, and Northeast King County",98019,38,"geographic overlap",2023-03-13
98024,38,0.969332799139065,2126225736.53488,25306945763.8329,25306956027.69,"Duvall, Carnation, Skykomish, and Northeast King County",98024,38,"geographic overlap",2023-03-13
98027,38,0.12372895482061,199213536.641872,25306945763.8329,25306956027.69,"Duvall, Carnation, Skykomish, and Northeast King County",98027,38,"geographic overlap",2023-03-13
98029,38,0.394182352018425,108885542.53712,25306945763.8329,25306956027.69,"Duvall, Carnation, Skykomish, and Northeast King County",98029,38,"geographic overlap",2023-03-13
98045,38,0.756263686257205,6092965665.89531,25306945763.8329,25306956027.69,"Duvall, Carnation, Skykomish, and Northeast King County",98045,38,"geographic overlap",2023-03-13
98050,38,1.00000000000001,39535132.1915205,25306945763.8329,25306956027.69,"Duvall, Carnation, Skykomish, and Northeast King County",98050,38,"geographic overlap",2023-03-13
98053,38,0.0337021795819875,26054198.1837783,25306945763.8329,25306956027.69,"Duvall, Carnation, Skykomish, and Northeast King County",98053,38,"geographic overlap",2023-03-13
98065,38,0.808591225406474,1944793743.59532,25306945763.8329,25306956027.69,"Duvall, Carnation, Skykomish, and Northeast King County",98065,38,"geographic overlap",2023-03-13
98068,38,0.0030803487929874,5460903.25468376,25306945763.8329,25306956027.69,"Duvall, Carnation, Skykomish, and Northeast King County",98068,38,"geographic overlap",2023-03-13
98075,38,5.24012028506854e-05,17606.506280806,25306945763.8329,25306956027.69,"Duvall, Carnation, Skykomish, and Northeast King County",98075,38,"geographic overlap",2023-03-13
98077,38,0.00157692977631795,781474.241905451,25306945763.8329,25306956027.69,"Duvall, Carnation, Skykomish, and Northeast King County",98077,38,"geographic overlap",2023-03-13
98224,38,0.998848026525678,1718780310.75881,25306945763.8329,25306956027.69,"Duvall, Carnation, Skykomish, and Northeast King County",98224,38,"geographic overlap",2023-03-13
98251,38,1.41912132305015e-08,19.3734922157309,25306945763.8329,25306956027.69,"Duvall, Carnation, Skykomish, and Northeast King County",98251,38,"geographic overlap",2023-03-13
98272,38,0.000117850577449806,296015.52533963,25306945763.8329,25306956027.69,"Duvall, Carnation, Skykomish, and Northeast King County",98272,38,"geographic overlap",2023-03-13
98288,38,0.999694605716651,8746761985.452,25306945763.8329,25306956027.69,"Duvall, Carnation, Skykomish, and Northeast King County",98288,38,"geographic overlap",2023-03-13
98294,38,3.63214052266865e-05,397244.660332698,25306945763.8329,25306956027.69,"Duvall, Carnation, Skykomish, and Northeast King County",98294,38,"geographic overlap",2023-03-13
98826,38,1.01876806457621e-05,266711.404109923,25306945763.8329,25306956027.69,"Duvall, Carnation, Skykomish, and Northeast King County",98826,38,"geographic overlap",2023-03-13
98940,38,8.78310872689684e-05,478782.12085762,25306945763.8329,25306956027.69,"Duvall, Carnation, Skykomish, and Northeast King County",98940,38,"geographic overlap",2023-03-13
98101,39,0.833780059473381,20404405.4325101,122245118.238345,122246677.45759,"Seattle - Downtown, Belltown, and First Hill",98101,39,"geographic overlap",2023-03-13
98104,39,0.519763026247815,20080052.0452962,122245118.238345,122246677.45759,"Seattle - Downtown, Belltown, and First Hill",98104,39,"geographic overlap",2023-03-13
98109,39,0.00110186500710894,73139.7155377578,122245118.238345,122246677.45759,"Seattle - Downtown, Belltown, and First Hill",98109,39,"geographic overlap",2023-03-13
98116,39,0.0909674129786211,33693263.035768,122245118.238345,122246677.45759,"Seattle - Downtown, Belltown, and First Hill",98116,39,"geographic overlap",2023-03-13
98119,39,0.132778384996335,14875924.2923765,122245118.238345,122246677.45759,"Seattle - Downtown, Belltown, and First Hill",98119,39,"geographic overlap",2023-03-13
98121,39,0.827409411709634,23044851.0558411,122245118.238345,122246677.45759,"Seattle - Downtown, Belltown, and First Hill",98121,39,"geographic overlap",2023-03-13
98122,39,0.0887775703393193,7922489.120889,122245118.238345,122246677.45759,"Seattle - Downtown, Belltown, and First Hill",98122,39,"geographic overlap",2023-03-13
98126,39,0.0169162988717347,1790967.04338241,122245118.238345,122246677.45759,"Seattle - Downtown, Belltown, and First Hill",98126,39,"geographic overlap",2023-03-13
98154,39,1.00000000000002,76437.5230057998,122245118.238345,122246677.45759,"Seattle - Downtown, Belltown, and First Hill",98154,39,"geographic overlap",2023-03-13
98164,39,1.00000000000151,77724.9805654565,122245118.238345,122246677.45759,"Seattle - Downtown, Belltown, and First Hill",98164,39,"geographic overlap",2023-03-13
98199,39,0.000493702847575225,205863.993172109,122245118.238345,122246677.45759,"Seattle - Downtown, Belltown, and First Hill",98199,39,"geographic overlap",2023-03-13
98004,40,0.0989352188754306,24807651.4299398,381641682.287307,381642737.661951,"Bellevue - Northeast",98004,40,"geographic overlap",2023-03-13
98005,40,0.433073446710267,91565691.1582414,381641682.287307,381642737.661951,"Bellevue - Northeast",98005,40,"geographic overlap",2023-03-13
98006,40,0.00164136031785426,565754.870767224,381641682.287307,381642737.661951,"Bellevue - Northeast",98006,40,"geographic overlap",2023-03-13
98007,40,0.340563752334957,39493530.5388157,381641682.287307,381642737.661951,"Bellevue - Northeast",98007,40,"geographic overlap",2023-03-13
98008,40,0.916108961832166,202528933.777697,381641682.287307,381642737.661951,"Bellevue - Northeast",98008,40,"geographic overlap",2023-03-13
98027,40,5.49968855063455e-06,8854.93947790319,381641682.287307,381642737.661951,"Bellevue - Northeast",98027,40,"geographic overlap",2023-03-13
98033,40,0.0626796834627445,20825558.340861,381641682.287307,381642737.661951,"Bellevue - Northeast",98033,40,"geographic overlap",2023-03-13
98052,40,0.000541961637687019,308725.985823458,381641682.287307,381642737.661951,"Bellevue - Northeast",98052,40,"geographic overlap",2023-03-13
98074,40,0.0014627062836041,549912.059565365,381641682.287307,381642737.661951,"Bellevue - Northeast",98074,40,"geographic overlap",2023-03-13
98075,40,0.00293775561286925,987069.186118484,381641682.287307,381642737.661951,"Bellevue - Northeast",98075,40,"geographic overlap",2023-03-13
98039,41,0.00463087631841299,718609.58422482,198794811.219782,198795253.432325,"Montlake, Madison Park, and Madrona",98039,41,"geographic overlap",2023-03-13
98040,41,0.00731389188457355,2601032.59667784,198794811.219782,198795253.432325,"Montlake, Madison Park, and Madrona",98040,41,"geographic overlap",2023-03-13
98102,41,0.41861896427609,18260769.2832922,198794811.219782,198795253.432325,"Montlake, Madison Park, and Madrona",98102,41,"geographic overlap",2023-03-13
98103,41,0.00447739351900487,645316.531777859,198794811.219782,198795253.432325,"Montlake, Madison Park, and Madrona",98103,41,"geographic overlap",2023-03-13
98105,41,0.000490594034893178,73408.9740955255,198794811.219782,198795253.432325,"Montlake, Madison Park, and Madrona",98105,41,"geographic overlap",2023-03-13
98109,41,0.00366029530314162,242963.480579524,198794811.219782,198795253.432325,"Montlake, Madison Park, and Madrona",98109,41,"geographic overlap",2023-03-13
98112,41,0.739333668880099,104173258.254214,198794811.219782,198795253.432325,"Montlake, Madison Park, and Madrona",98112,41,"geographic overlap",2023-03-13
98122,41,0.451184490595414,40263595.9127266,198794811.219782,198795253.432325,"Montlake, Madison Park, and Madrona",98122,41,"geographic overlap",2023-03-13
98144,41,0.228408230329388,31732078.5450006,198794811.219782,198795253.432325,"Montlake, Madison Park, and Madrona",98144,41,"geographic overlap",2023-03-13
98195,41,0.00312565038145187,83778.0571928695,198794811.219782,198795253.432325,"Montlake, Madison Park, and Madrona",98195,41,"geographic overlap",2023-03-13
98101,42,0.0382031604497273,934914.148836584,47102692.0498865,47103008.159032,"Seattle - Capitol Hill",98101,42,"geographic overlap",2023-03-13
98102,42,0.321422033371479,14020897.5102528,47102692.0498865,47103008.159032,"Seattle - Capitol Hill",98102,42,"geographic overlap",2023-03-13
98104,42,0.0190757203700409,736954.031911671,47102692.0498865,47103008.159032,"Seattle - Capitol Hill",98104,42,"geographic overlap",2023-03-13
98109,42,0.00694664229220469,461104.979209289,47102692.0498865,47103008.159032,"Seattle - Capitol Hill",98109,42,"geographic overlap",2023-03-13
98112,42,0.15582589767663,21956110.163292,47102692.0498865,47103008.159032,"Seattle - Capitol Hill",98112,42,"geographic overlap",2023-03-13
98122,42,0.100770230210699,8992711.21638428,47102692.0498865,47103008.159032,"Seattle - Capitol Hill",98122,42,"geographic overlap",2023-03-13
98101,43,0.128016780077053,3132848.10925617,41293749.6200525,41293912.7340116,"Seattle - South Lake Union, Cascade, and Eastlake",98101,43,"geographic overlap",2023-03-13
98102,43,0.249914140904739,10901619.0310093,41293749.6200525,41293912.7340116,"Seattle - South Lake Union, Cascade, and Eastlake",98102,43,"geographic overlap",2023-03-13
98109,43,0.338438658083077,22464918.1337778,41293749.6200525,41293912.7340116,"Seattle - South Lake Union, Cascade, and Eastlake",98109,43,"geographic overlap",2023-03-13
98121,43,0.172138330312518,4794364.34600926,41293749.6200525,41293912.7340116,"Seattle - South Lake Union, Cascade, and Eastlake",98121,43,"geographic overlap",2023-03-13
98103,44,0.00268356777808037,386776.51271683,87940524.5081674,87940756.4081482,"Seattle - Queen Anne",98103,44,"geographic overlap",2023-03-13
98107,44,0.00400492134610261,269034.775914105,87940524.5081674,87940756.4081482,"Seattle - Queen Anne",98107,44,"geographic overlap",2023-03-13
98109,44,0.625253671003667,41503156.3223296,87940524.5081674,87940756.4081482,"Seattle - Queen Anne",98109,44,"geographic overlap",2023-03-13
98119,44,0.408590795585123,45776771.1352565,87940524.5081674,87940756.4081482,"Seattle - Queen Anne",98119,44,"geographic overlap",2023-03-13
98121,44,0.00017182946725522,4785.76195032537,87940524.5081674,87940756.4081482,"Seattle - Queen Anne",98121,44,"geographic overlap",2023-03-13
98107,45,0.00227750130011424,152993.529452605,472924221.478996,472925798.519049,"Magnolia and Interbay",98107,45,"geographic overlap",2023-03-13
98110,45,3.13345033904524e-10,0.58035277761519,472924221.478996,472925798.519049,"Magnolia and Interbay",98110,45,"geographic overlap",2023-03-13
98116,45,0.0244363011456547,9050919.39148891,472924221.478996,472925798.519049,"Magnolia and Interbay",98116,45,"geographic overlap",2023-03-13
98117,45,0.00142227303442217,253299.547440093,472924221.478996,472925798.519049,"Magnolia and Interbay",98117,45,"geographic overlap",2023-03-13
98119,45,0.454912210414168,50966425.0095046,472924221.478996,472925798.519049,"Magnolia and Interbay",98119,45,"geographic overlap",2023-03-13
98121,45,0.000280428510520551,7810.44204392657,472924221.478996,472925798.519049,"Magnolia and Interbay",98121,45,"geographic overlap",2023-03-13
98199,45,0.989239805785435,412492772.978713,472924221.478996,472925798.519049,"Magnolia and Interbay",98199,45,"geographic overlap",2023-03-13
98102,46,0.00522958945817155,228122.313348006,81495129.8593272,81495346.6528996,"Fremont and Wallingford",98102,46,"geographic overlap",2023-03-13
98103,46,0.338538283494673,48792751.8659041,81495129.8593272,81495346.6528996,"Fremont and Wallingford",98103,46,"geographic overlap",2023-03-13
98105,46,0.125589947018862,18792379.2619564,81495129.8593272,81495346.6528996,"Fremont and Wallingford",98105,46,"geographic overlap",2023-03-13
98107,46,0.174540807209161,11724961.0909538,81495129.8593272,81495346.6528996,"Fremont and Wallingford",98107,46,"geographic overlap",2023-03-13
98109,46,0.0245988683109939,1632826.36185849,81495129.8593272,81495346.6528996,"Fremont and Wallingford",98109,46,"geographic overlap",2023-03-13
98115,46,0.00121892787520692,296584.216582863,81495129.8593272,81495346.6528996,"Fremont and Wallingford",98115,46,"geographic overlap",2023-03-13
98195,46,0.00102616641182488,27504.7487234747,81495129.8593272,81495346.6528996,"Fremont and Wallingford",98195,46,"geographic overlap",2023-03-13
98102,47,0.00481527198952174,210049.181572585,51539199.2671411,51539423.9187971,"Seattle - University District",98102,47,"geographic overlap",2023-03-13
98105,47,0.144751415491959,21659564.0272178,51539199.2671411,51539423.9187971,"Seattle - University District",98105,47,"geographic overlap",2023-03-13
98112,47,0.00311210973765645,438501.078826041,51539199.2671411,51539423.9187971,"Seattle - University District",98112,47,"geographic overlap",2023-03-13
98115,47,0.0105181532159109,2559231.18577455,51539199.2671411,51539423.9187971,"Seattle - University District",98115,47,"geographic overlap",2023-03-13
98195,47,0.995092184968441,26671853.7937501,51539199.2671411,51539423.9187971,"Seattle - University District",98195,47,"geographic overlap",2023-03-13
98005,48,1.9673931883268e-05,4159.70358925469,276621737.618898,276622349.015026,"Redmond - South",98005,48,"geographic overlap",2023-03-13
98007,48,0.00172089223474816,199563.545917805,276621737.618898,276622349.015026,"Redmond - South",98007,48,"geographic overlap",2023-03-13
98008,48,0.00063256736597672,139844.930582943,276621737.618898,276622349.015026,"Redmond - South",98008,48,"geographic overlap",2023-03-13
98033,48,0.0341550748686125,11348150.868304,276621737.618898,276622349.015026,"Redmond - South",98033,48,"geographic overlap",2023-03-13
98034,48,0.000519231959390658,168864.669851962,276621737.618898,276622349.015026,"Redmond - South",98034,48,"geographic overlap",2023-03-13
98052,48,0.450021195187875,256352530.261674,276621737.618898,276622349.015026,"Redmond - South",98052,48,"geographic overlap",2023-03-13
98053,48,0.0101460539178258,7843626.22349854,276621737.618898,276622349.015026,"Redmond - South",98053,48,"geographic overlap",2023-03-13
98074,48,0.00150283169002594,564997.415479721,276621737.618898,276622349.015026,"Redmond - South",98074,48,"geographic overlap",2023-03-13
98004,49,0.00107206798094466,268817.20263803,244408218.309206,244408947.867438,"Seattle - Laurelhurst, Sand Point, and Wedgwood",98004,49,"geographic overlap",2023-03-13
98033,49,0.0100153028789208,3327621.69308544,244408218.309206,244408947.867438,"Seattle - Laurelhurst, Sand Point, and Wedgwood",98033,49,"geographic overlap",2023-03-13
98039,49,0.0339873469243315,5274084.54963198,244408218.309206,244408947.867438,"Seattle - Laurelhurst, Sand Point, and Wedgwood",98039,49,"geographic overlap",2023-03-13
98105,49,0.545943054838199,81691004.6184638,244408218.309206,244408947.867438,"Seattle - Laurelhurst, Sand Point, and Wedgwood",98105,49,"geographic overlap",2023-03-13
98112,49,0.0391232202325437,5512522.28401112,244408218.309206,244408947.867438,"Seattle - Laurelhurst, Sand Point, and Wedgwood",98112,49,"geographic overlap",2023-03-13
98115,49,0.590155959059595,143594175.126798,244408218.309206,244408947.867438,"Seattle - Laurelhurst, Sand Point, and Wedgwood",98115,49,"geographic overlap",2023-03-13
98125,49,0.0263509558236814,4739992.83457762,244408218.309206,244408947.867438,"Seattle - Laurelhurst, Sand Point, and Wedgwood",98125,49,"geographic overlap",2023-03-13
98105,50,0.181704197775763,27188913.4373058,71351531.4305831,71351725.0627302,"Seattle - Ravenna and Bryant",98105,50,"geographic overlap",2023-03-13
98115,50,0.181420128166845,44142354.6701583,71351531.4305831,71351725.0627302,"Seattle - Ravenna and Bryant",98115,50,"geographic overlap",2023-03-13
98195,50,0.000755998238188817,20263.3231190981,71351531.4305831,71351725.0627302,"Seattle - Ravenna and Bryant",98195,50,"geographic overlap",2023-03-13
98004,51,0.0159644630899809,4003031.8839345,361376434.39128,361377016.53895,"Kirkland - South",98004,51,"geographic overlap",2023-03-13
98005,51,5.39909043245044e-05,11415.4181196871,361376434.39128,361377016.53895,"Kirkland - South",98005,51,"geographic overlap",2023-03-13
98033,51,0.891354026229116,296155695.914278,361376434.39128,361377016.53895,"Kirkland - South",98033,51,"geographic overlap",2023-03-13
98034,51,0.183193024749702,59578053.8621779,361376434.39128,361377016.53895,"Kirkland - South",98034,51,"geographic overlap",2023-03-13
98039,51,0.0021753924136266,337572.789769037,361376434.39128,361377016.53895,"Kirkland - South",98039,51,"geographic overlap",2023-03-13
98052,51,5.70465671032671e-05,32496.317898004,361376434.39128,361377016.53895,"Kirkland - South",98052,51,"geographic overlap",2023-03-13
98115,51,0.00517093024898095,1258168.20510262,361376434.39128,361377016.53895,"Kirkland - South",98115,51,"geographic overlap",2023-03-13
98103,52,0.504067167353881,72650052.946919,124705592.776181,124706035.163182,"Green Lake and Phinney Ridge",98103,52,"geographic overlap",2023-03-13
98105,52,0.000852148763635881,127509.431558623,124705592.776181,124706035.163182,"Green Lake and Phinney Ridge",98105,52,"geographic overlap",2023-03-13
98107,52,0.087509624924525,5878550.48759145,124705592.776181,124706035.163182,"Green Lake and Phinney Ridge",98107,52,"geographic overlap",2023-03-13
98115,52,0.077216202887153,18787909.856358,124705592.776181,124706035.163182,"Green Lake and Phinney Ridge",98115,52,"geographic overlap",2023-03-13
98117,52,0.136328138998211,24279343.7517616,124705592.776181,124706035.163182,"Green Lake and Phinney Ridge",98117,52,"geographic overlap",2023-03-13
98133,52,0.0125261291933544,2453540.44022787,124705592.776181,124706035.163182,"Green Lake and Phinney Ridge",98133,52,"geographic overlap",2023-03-13
98177,52,0.00102420620696809,528685.861764288,124705592.776181,124706035.163182,"Green Lake and Phinney Ridge",98177,52,"geographic overlap",2023-03-13
98052,53,0.328976327865858,187399871.264727,190543801.069123,190543833.368223,"Redmond - North",98052,53,"geographic overlap",2023-03-13
98053,53,0.00406680282822378,3143929.80439528,190543801.069123,190543833.368223,"Redmond - North",98053,53,"geographic overlap",2023-03-13
98014,54,0.0350340126266294,40633757.9933396,1698180220.08714,1698182881.77583,"Bear Creek and Greater Sammamish",98014,54,"geographic overlap",2023-03-13
98019,54,0.00284947317001913,9090823.58307074,1698180220.08714,1698182881.77583,"Bear Creek and Greater Sammamish",98019,54,"geographic overlap",2023-03-13
98024,54,0.0300510733982074,65916850.9788562,1698180220.08714,1698182881.77583,"Bear Creek and Greater Sammamish",98024,54,"geographic overlap",2023-03-13
98034,54,6.46209657688879e-05,21016.0369613692,1698180220.08714,1698182881.77583,"Bear Creek and Greater Sammamish",98034,54,"geographic overlap",2023-03-13
98052,54,0.211612568446121,120544138.668152,1698180220.08714,1698182881.77583,"Bear Creek and Greater Sammamish",98052,54,"geographic overlap",2023-03-13
98053,54,0.952062915148362,736012809.330545,1698180220.08714,1698182881.77583,"Bear Creek and Greater Sammamish",98053,54,"geographic overlap",2023-03-13
98072,54,0.403244174348458,209656527.397999,1698180220.08714,1698182881.77583,"Bear Creek and Greater Sammamish",98072,54,"geographic overlap",2023-03-13
98074,54,0.199568940300627,75028984.4353326,1698180220.08714,1698182881.77583,"Bear Creek and Greater Sammamish",98074,54,"geographic overlap",2023-03-13
98075,54,0.0668076887567028,22447003.6509026,1698180220.08714,1698182881.77583,"Bear Creek and Greater Sammamish",98075,54,"geographic overlap",2023-03-13
98077,54,0.845145957533301,418826384.269902,1698180220.08714,1698182881.77583,"Bear Creek and Greater Sammamish",98077,54,"geographic overlap",2023-03-13
98272,54,1.17022503004501e-07,293.935578874778,1698180220.08714,1698182881.77583,"Bear Creek and Greater Sammamish",98272,54,"geographic overlap",2023-03-13
98296,54,1.55500592266288e-06,1629.80650221405,1698180220.08714,1698182881.77583,"Bear Creek and Greater Sammamish",98296,54,"geographic overlap",2023-03-13
98107,55,0.731667145219971,49150504.9529939,337824932.919558,337825512.640419,"Seattle - Ballard",98107,55,"geographic overlap",2023-03-13
98110,55,8.62242228202317e-09,15.9697655290365,337824932.919558,337825512.640419,"Seattle - Ballard",98110,55,"geographic overlap",2023-03-13
98117,55,0.862210581545925,153555291.296351,337824932.919558,337825512.640419,"Seattle - Ballard",98117,55,"geographic overlap",2023-03-13
98119,55,0.0037186090038952,416617.102372661,337824932.919558,337825512.640419,"Seattle - Ballard",98119,55,"geographic overlap",2023-03-13
98133,55,0.0253657404325943,4968483.79790874,337824932.919558,337825512.640419,"Seattle - Ballard",98133,55,"geographic overlap",2023-03-13
98177,55,0.243386151868742,125633702.048271,337824932.919558,337825512.640419,"Seattle - Ballard",98177,55,"geographic overlap",2023-03-13
98199,55,0.00983337843049181,4100317.75189444,337824932.919558,337825512.640419,"Seattle - Ballard",98199,55,"geographic overlap",2023-03-13
98034,56,0.000410355375162003,133455.816221386,194271107.42638,194271444.803199,"Seattle - Northgate and Lake City",98034,56,"geographic overlap",2023-03-13
98103,56,0.0461250719689817,6647901.58485844,194271107.42638,194271444.803199,"Seattle - Northgate and Lake City",98103,56,"geographic overlap",2023-03-13
98115,56,0.123843114254704,30132966.6566024,194271107.42638,194271444.803199,"Seattle - Northgate and Lake City",98115,56,"geographic overlap",2023-03-13
98125,56,0.846467990399408,152262112.844754,194271107.42638,194271444.803199,"Seattle - Northgate and Lake City",98125,56,"geographic overlap",2023-03-13
98133,56,0.0222964093286024,4367282.27173507,194271107.42638,194271444.803199,"Seattle - Northgate and Lake City",98133,56,"geographic overlap",2023-03-13
98155,56,0.00314674605945553,727388.252208214,194271107.42638,194271444.803199,"Seattle - Northgate and Lake City",98155,56,"geographic overlap",2023-03-13
98011,57,0.000269807931795835,53377.9755671286,270345189.116428,270346280.248989,"Kirkland - North",98011,57,"geographic overlap",2023-03-13
98028,57,0.00558778790961481,1114405.88614745,270345189.116428,270346280.248989,"Kirkland - North",98028,57,"geographic overlap",2023-03-13
98033,57,0.000674637798636409,224150.921929965,270345189.116428,270346280.248989,"Kirkland - North",98033,57,"geographic overlap",2023-03-13
98034,57,0.807810122310643,262716088.907825,270345189.116428,270346280.248989,"Kirkland - North",98034,57,"geographic overlap",2023-03-13
98052,57,5.64284861680745e-05,32144.2309000194,270345189.116428,270346280.248989,"Kirkland - North",98052,57,"geographic overlap",2023-03-13
98072,57,0.00033329483260482,173288.150576579,270345189.116428,270346280.248989,"Kirkland - North",98072,57,"geographic overlap",2023-03-13
98115,57,0.0104565842914679,2544250.50349367,270345189.116428,270346280.248989,"Kirkland - North",98115,57,"geographic overlap",2023-03-13
98125,57,0.0193878981581398,3487482.53998873,270345189.116428,270346280.248989,"Kirkland - North",98125,57,"geographic overlap",2023-03-13
98103,58,0.104108515885044,15004923.3140464,264088596.222786,264088895.441724,"Seattle - Broadview, Haller Lake, and Licton Springs",98103,58,"geographic overlap",2023-03-13
98125,58,0.102985157226151,18524903.255354,264088596.222786,264088895.441724,"Seattle - Broadview, Haller Lake, and Licton Springs",98125,58,"geographic overlap",2023-03-13
98133,58,0.366242387894842,71737285.7771857,264088596.222786,264088895.441724,"Seattle - Broadview, Haller Lake, and Licton Springs",98133,58,"geographic overlap",2023-03-13
98177,58,0.307318890890042,158635196.273233,264088596.222786,264088895.441724,"Seattle - Broadview, Haller Lake, and Licton Springs",98177,58,"geographic overlap",2023-03-13
98346,58,0.000116955472474382,186287.602966309,264088596.222786,264088895.441724,"Seattle - Broadview, Haller Lake, and Licton Springs",98346,58,"geographic overlap",2023-03-13
98011,59,0.000528844220774071,104624.92228233,316813462.893973,316814419.069328,"Kenmore and Lake Forest Park",98011,59,"geographic overlap",2023-03-13
98021,59,2.83535614509095e-05,7751.98244261325,316813462.893973,316814419.069328,"Kenmore and Lake Forest Park",98021,59,"geographic overlap",2023-03-13
98028,59,0.992631748694333,197966472.853845,316813462.893973,316814419.069328,"Kenmore and Lake Forest Park",98028,59,"geographic overlap",2023-03-13
98034,59,0.00100816384893549,327875.147953071,316813462.893973,316814419.069328,"Kenmore and Lake Forest Park",98034,59,"geographic overlap",2023-03-13
98043,59,9.72537076235605e-07,112.625312573306,316813462.893973,316814419.069328,"Kenmore and Lake Forest Park",98043,59,"geographic overlap",2023-03-13
98125,59,0.00472569658800651,850055.235772825,316813462.893973,316814419.069328,"Kenmore and Lake Forest Park",98125,59,"geographic overlap",2023-03-13
98155,59,0.508560143341928,117556570.126364,316813462.893973,316814419.069328,"Kenmore and Lake Forest Park",98155,59,"geographic overlap",2023-03-13
98011,60,0.998274379870403,197495548.419735,359061395.130404,359061870.527189,"Bothell and Woodinville",98011,60,"geographic overlap",2023-03-13
98021,60,8.94178864728486e-06,2444.72246350157,359061395.130404,359061870.527189,"Bothell and Woodinville",98021,60,"geographic overlap",2023-03-13
98028,60,0.00168901900939037,336851.139722181,359061395.130404,359061870.527189,"Bothell and Woodinville",98028,60,"geographic overlap",2023-03-13
98034,60,0.00699448079009956,2274745.74329391,359061395.130404,359061870.527189,"Bothell and Woodinville",98034,60,"geographic overlap",2023-03-13
98052,60,1.53588376854573e-06,874.909214198589,359061395.130404,359061870.527189,"Bothell and Woodinville",98052,60,"geographic overlap",2023-03-13
98072,60,0.305719251407421,158950930.195976,359061395.130404,359061870.527189,"Bothell and Woodinville",98072,60,"geographic overlap",2023-03-13
98020,61,3.39554583008359e-06,1705.70546779348,453417902.606816,453418569.64222,"Shoreline",98020,61,"geographic overlap",2023-03-13
98026,61,1.04064113620525e-06,485.644393250084,453417902.606816,453418569.64222,"Shoreline",98026,61,"geographic overlap",2023-03-13
98043,61,0.000168511172781566,19514.5501085456,453417902.606816,453418569.64222,"Shoreline",98043,61,"geographic overlap",2023-03-13
98125,61,8.23018043467801e-05,14804.3951607235,453417902.606816,453418569.64222,"Shoreline",98125,61,"geographic overlap",2023-03-13
98133,61,0.573368299705666,112307823.810319,453417902.606816,453418569.64222,"Shoreline",98133,61,"geographic overlap",2023-03-13
98155,61,0.488137821501116,112835834.258535,453417902.606816,453418569.64222,"Shoreline",98155,61,"geographic overlap",2023-03-13
98177,61,0.44215766106502,228237734.242832,453417902.606816,453418569.64222,"Shoreline",98177,61,"geographic overlap",2023-03-13
