"ZIP","hra_id","s2t_fraction","isect_amount","tcoverage_amount","target_amount","hra_name","source_id","target_id","method","creation_date"
98010,1,0.949699364791721,7388.0361256372,48134.7913829444,48134.7913829444,"Enumclaw, Black Diamond, and Southeast King County",98010,1,"point population",2023-03-13
98022,1,0.999924753836491,23034.6130043857,48134.7913829444,48134.7913829444,"Enumclaw, Black Diamond, and Southeast King County",98022,1,"point population",2023-03-13
98038,1,0.00087749890827909,32.6974730821839,48134.7913829444,48134.7913829444,"Enumclaw, Black Diamond, and Southeast King County",98038,1,"point population",2023-03-13
98042,1,0.188084966644705,9429.31888845011,48134.7913829444,48134.7913829444,"Enumclaw, Black Diamond, and Southeast King County",98042,1,"point population",2023-03-13
98051,1,0.0334633347219746,122.852053142616,48134.7913829444,48134.7913829444,"Enumclaw, Black Diamond, and Southeast King County",98051,1,"point population",2023-03-13
98092,1,0.202792545379928,8127.27383824722,48134.7913829444,48134.7913829444,"Enumclaw, Black Diamond, and Southeast King County",98092,1,"point population",2023-03-13
98001,2,0.0113625895540873,424.708968183766,30564.737450909,30564.737450909,"Auburn - South",98001,2,"point population",2023-03-13
98002,2,0.513808526127111,19905.7032617745,30564.737450909,30564.737450909,"Auburn - South",98002,2,"point population",2023-03-13
98092,2,0.255367901107934,10234.3252209508,30564.737450909,30564.737450909,"Auburn - South",98092,2,"point population",2023-03-13
98001,3,0.085030173367032,3178.24357056078,35833.7137720499,35833.7137720499,"Federal Way - Dash Point and Southern Rim",98001,3,"point population",2023-03-13
98003,3,0.137557368516759,7233.58224751603,35833.7137720499,35833.7137720499,"Federal Way - Dash Point and Southern Rim",98003,3,"point population",2023-03-13
98023,3,0.488700204620537,25324.4259860579,35833.7137720499,35833.7137720499,"Federal Way - Dash Point and Southern Rim",98023,3,"point population",2023-03-13
98422,3,1,97.4619679157982,35833.7137720499,35833.7137720499,"Federal Way - Dash Point and Southern Rim",98422,3,"point population",2023-03-13
98001,4,0.662370036084293,24757.9562072636,39360.6641435532,39360.6641435532,"Lakeland, Algona, Pacific, and Milton",98001,4,"point population",2023-03-13
98003,4,0.108042445126652,5681.51253163263,39360.6641435532,39360.6641435532,"Lakeland, Algona, Pacific, and Milton",98003,4,"point population",2023-03-13
98032,4,0.011984219857602,457.393172150392,39360.6641435532,39360.6641435532,"Lakeland, Algona, Pacific, and Milton",98032,4,"point population",2023-03-13
98047,4,1,7078.55754381273,39360.6641435532,39360.6641435532,"Lakeland, Algona, Pacific, and Milton",98047,4,"point population",2023-03-13
98354,4,1,1385.24468869452,39360.6641435532,39360.6641435532,"Lakeland, Algona, Pacific, and Milton",98354,4,"point population",2023-03-13
98001,5,0.241237200994626,9016.92367169178,49626.358213209,49626.358213209,"Auburn - North",98001,5,"point population",2023-03-13
98002,5,0.486191473872872,18835.7777560973,49626.358213209,49626.358213209,"Auburn - North",98002,5,"point population",2023-03-13
98030,5,4.87337821641092e-05,1.92699795660112,49626.358213209,49626.358213209,"Auburn - North",98030,5,"point population",2023-03-13
98032,5,0.00148143571921516,56.5409005342052,49626.358213209,49626.358213209,"Auburn - North",98032,5,"point population",2023-03-13
98092,5,0.541839553512108,21715.1888869302,49626.358213209,49626.358213209,"Auburn - North",98092,5,"point population",2023-03-13
98003,6,0.160074922476326,8417.68877947227,34913.2246977088,34913.2246977088,"Federal Way - Central",98003,6,"point population",2023-03-13
98023,6,0.511299795379449,26495.5359182374,34913.2246977088,34913.2246977088,"Federal Way - Central",98023,6,"point population",2023-03-13
98003,7,0.591566075342206,31108.0526399192,31219.3751871774,31219.3751871774,"Federal Way - North Corridor",98003,7,"point population",2023-03-13
98032,7,0.0029167769933655,111.322547258215,31219.3751871774,31219.3751871774,"Federal Way - North Corridor",98032,7,"point population",2023-03-13
98010,8,0.0179102000235464,139.329570700901,25317.6831291614,25317.6831291614,"East Highlands, Hobart, and Greater Maple Valley",98010,8,"point population",2023-03-13
98022,8,7.52461635086831e-05,1.73339668793785,25317.6831291614,25317.6831291614,"East Highlands, Hobart, and Greater Maple Valley",98022,8,"point population",2023-03-13
98027,8,0.0020717230379006,60.5646382668135,25317.6831291614,25317.6831291614,"East Highlands, Hobart, and Greater Maple Valley",98027,8,"point population",2023-03-13
98038,8,0.232316115867361,8656.59190394638,25317.6831291614,25317.6831291614,"East Highlands, Hobart, and Greater Maple Valley",98038,8,"point population",2023-03-13
98042,8,0.0525283962081946,2633.42151891152,25317.6831291614,25317.6831291614,"East Highlands, Hobart, and Greater Maple Valley",98042,8,"point population",2023-03-13
98051,8,0.966536665278025,3548.39153818847,25317.6831291614,25317.6831291614,"East Highlands, Hobart, and Greater Maple Valley",98051,8,"point population",2023-03-13
98058,8,0.0753675797067537,3360.82538112475,25317.6831291614,25317.6831291614,"East Highlands, Hobart, and Greater Maple Valley",98058,8,"point population",2023-03-13
98059,8,0.163304828349674,6916.82518133535,25317.6831291614,25317.6831291614,"East Highlands, Hobart, and Greater Maple Valley",98059,8,"point population",2023-03-13
98030,9,0.520932975267935,20598.3762041507,30871.5885884052,30871.5885884052,"Kent - South",98030,9,"point population",2023-03-13
98032,9,0.0437898254113071,1671.29503553662,30871.5885884052,30871.5885884052,"Kent - South",98032,9,"point population",2023-03-13
98042,9,0.171580933549269,8601.91734871743,30871.5885884052,30871.5885884052,"Kent - South",98042,9,"point population",2023-03-13
98010,10,0.0323904351847344,251.976271798823,28578.7286773645,28578.7286773645,"Maple Valley",98010,10,"point population",2023-03-13
98038,10,0.760060005011758,28321.4501126334,28578.7286773645,28578.7286773645,"Maple Valley",98038,10,"point population",2023-03-13
98042,10,0.000105763905230049,5.30229293224605,28578.7286773645,28578.7286773645,"Maple Valley",98042,10,"point population",2023-03-13
98042,11,0.429662927401933,21540.4177659293,21540.4177659293,21540.4177659293,"Covington",98042,11,"point population",2023-03-13
98030,12,0.457698455396595,18097.999972969,29125.9789769504,29125.9789769504,"Kent - Central",98030,12,"point population",2023-03-13
98031,12,0.189854442334544,8392.97945529048,29125.9789769504,29125.9789769504,"Kent - Central",98031,12,"point population",2023-03-13
98032,12,0.0690399766304452,2634.99954869044,29125.9789769504,29125.9789769504,"Kent - Central",98032,12,"point population",2023-03-13
98031,13,0.000109528704873088,4.84198398763063,33206.6797194927,33206.6797194927,"Kent - West",98031,13,"point population",2023-03-13
98032,13,0.869705647162014,33193.4351605047,33206.6797194927,33206.6797194927,"Kent - West",98032,13,"point population",2023-03-13
98198,13,0.000210196746604195,8.4025750004219,33206.6797194927,33206.6797194927,"Kent - West",98198,13,"point population",2023-03-13
98030,14,0.0213198355532883,843.014388005267,44012.6422157138,44012.6422157138,"Kent - East",98030,14,"point population",2023-03-13
98031,14,0.807738477004914,35708.0527555102,44012.6422157138,44012.6422157138,"Kent - East",98031,14,"point population",2023-03-13
98032,14,0.000348297945572892,13.2932392823213,44012.6422157138,44012.6422157138,"Kent - East",98032,14,"point population",2023-03-13
98042,14,0.148411013952132,7440.33296268905,44012.6422157138,44012.6422157138,"Kent - East",98042,14,"point population",2023-03-13
98055,14,0.000322912275099922,7.94887022589598,44012.6422157138,44012.6422157138,"Kent - East",98055,14,"point population",2023-03-13
98003,15,0.00275918853808434,145.094497240291,40797.8741786939,40797.8741786939,"Des Moines and Normandy Park",98003,15,"point population",2023-03-13
98148,15,0.233387309424224,2628.71140057385,40797.8741786939,40797.8741786939,"Des Moines and Normandy Park",98148,15,"point population",2023-03-13
98166,15,0.26460046071504,5865.66977548557,40797.8741786939,40797.8741786939,"Des Moines and Normandy Park",98166,15,"point population",2023-03-13
98198,15,0.804466576197898,32158.398505396,40797.8741786939,40797.8741786939,"Des Moines and Normandy Park",98198,15,"point population",2023-03-13
98070,16,1,11075.3314194928,11075.3314194928,11075.3314194928,"Vashon",98070,16,"point population",2023-03-13
98042,17,0.00962599833854256,482.583002634486,25468.0446010286,25468.0446010286,"Fairwood",98042,17,"point population",2023-03-13
98058,17,0.560306935047246,24985.4615983941,25468.0446010286,25468.0446010286,"Fairwood",98058,17,"point population",2023-03-13
98032,18,0.000733820280467562,28.0071952834242,32003.0562826669,32003.0562826669,"Seatac",98032,18,"point population",2023-03-13
98148,18,0.0148850864506874,167.655201767316,32003.0562826669,32003.0562826669,"Seatac",98148,18,"point population",2023-03-13
98168,18,0.114663100386937,4364.37871073157,32003.0562826669,32003.0562826669,"Seatac",98168,18,"point population",2023-03-13
98188,18,0.68148237776672,19635.0062919064,32003.0562826669,32003.0562826669,"Seatac",98188,18,"point population",2023-03-13
98198,18,0.195323227055541,7808.00888297792,32003.0562826669,32003.0562826669,"Seatac",98198,18,"point population",2023-03-13
98031,19,0.00229755195565695,101.568897330893,42661.9116538189,42661.9116538189,"Renton - South",98031,19,"point population",2023-03-13
98055,19,0.9996770877249,24608.2420857738,42661.9116538189,42661.9116538189,"Renton - South",98055,19,"point population",2023-03-13
98057,19,0.352111366620415,4684.45227775036,42661.9116538189,42661.9116538189,"Renton - South",98057,19,"point population",2023-03-13
98058,19,0.285664109503778,12738.4638518605,42661.9116538189,42661.9116538189,"Renton - South",98058,19,"point population",2023-03-13
98178,19,0.019702705026431,529.184541103969,42661.9116538189,42661.9116538189,"Renton - South",98178,19,"point population",2023-03-13
98146,20,0.456032232454177,12907.8798803298,53299.9419122871,53299.9419122871,"Burien",98146,20,"point population",2023-03-13
98148,20,0.751727604125049,8466.93390469534,53299.9419122871,53299.9419122871,"Burien",98148,20,"point population",2023-03-13
98166,20,0.735399539284944,16302.3557813651,53299.9419122871,53299.9419122871,"Burien",98166,20,"point population",2023-03-13
98168,20,0.410449145811904,15622.7723458934,53299.9419122871,53299.9419122871,"Burien",98168,20,"point population",2023-03-13
98168,21,0.302500120795089,11513.948975186,22471.7517844369,22471.7517844369,"Tukwila",98168,21,"point population",2023-03-13
98178,21,0.066296010274442,1780.60950143857,22471.7517844369,22471.7517844369,"Tukwila",98178,21,"point population",2023-03-13
98188,21,0.318517622233247,9177.19330781249,22471.7517844369,22471.7517844369,"Tukwila",98188,21,"point population",2023-03-13
98006,22,5.06484499651505e-05,2.106705581383,27396.2765381065,27396.2765381065,"Newcastle and Four Creeks",98006,22,"point population",2023-03-13
98027,22,0.243888506372688,7129.82328992375,27396.2765381065,27396.2765381065,"Newcastle and Four Creeks",98027,22,"point population",2023-03-13
98038,22,0.00674638021255848,251.384455662651,27396.2765381065,27396.2765381065,"Newcastle and Four Creeks",98038,22,"point population",2023-03-13
98056,22,0.188372104924962,7092.44330044409,27396.2765381065,27396.2765381065,"Newcastle and Four Creeks",98056,22,"point population",2023-03-13
98059,22,0.305050806880426,12920.5187864943,27396.2765381065,27396.2765381065,"Newcastle and Four Creeks",98059,22,"point population",2023-03-13
98056,23,0.811627895075045,30558.7965329135,65175.3346666467,65175.3346666467,"Renton - North",98056,23,"point population",2023-03-13
98057,23,0.645741553035872,8590.87713637463,65175.3346666467,65175.3346666467,"Renton - North",98057,23,"point population",2023-03-13
98058,23,0.0786613757422204,3507.70383150508,65175.3346666467,65175.3346666467,"Renton - North",98058,23,"point population",2023-03-13
98059,23,0.531644364769859,22517.9571658546,65175.3346666467,65175.3346666467,"Renton - North",98059,23,"point population",2023-03-13
98057,24,0.00214708034372302,28.564529180647,17641.0480447944,17641.0480447944,"Skyway",98057,24,"point population",2023-03-13
98178,24,0.655751520569907,17612.4835156137,17641.0480447944,17641.0480447944,"Skyway",98178,24,"point population",2023-03-13
98045,25,0.524196536485218,8184.38862748983,22921.4721455397,22921.4721455397,"Snoqualmie and North Bend",98045,25,"point population",2023-03-13
98065,25,0.888701017010887,14737.0835180501,22921.4721455397,22921.4721455397,"Snoqualmie and North Bend",98065,25,"point population",2023-03-13
98106,26,0.102543695333518,2724.69098056372,20949.4043521256,20949.4043521256,"North Highline and White Center",98106,26,"point population",2023-03-13
98108,26,0.0243586405630596,610.410204078076,20949.4043521256,20949.4043521256,"North Highline and White Center",98108,26,"point population",2023-03-13
98126,26,0.0124250023251873,304.719652768677,20949.4043521256,20949.4043521256,"North Highline and White Center",98126,26,"point population",2023-03-13
98146,26,0.379726237323635,10748.0575055089,20949.4043521256,20949.4043521256,"North Highline and White Center",98146,26,"point population",2023-03-13
98168,26,0.172387633006056,6561.5260092056,20949.4043521256,20949.4043521256,"North Highline and White Center",98168,26,"point population",2023-03-13
98106,27,0.811759244069079,21569.2742836163,33834.9726233142,33834.9726233142,"Seattle - Delridge",98106,27,"point population",2023-03-13
98108,27,0.000299688465199343,7.50997974327014,33834.9726233142,33834.9726233142,"Seattle - Delridge",98108,27,"point population",2023-03-13
98126,27,0.497452486082329,12199.8809224075,33834.9726233142,33834.9726233142,"Seattle - Delridge",98126,27,"point population",2023-03-13
98136,27,0.00349636556406498,58.3074375465011,33834.9726233142,33834.9726233142,"Seattle - Delridge",98136,27,"point population",2023-03-13
98027,28,0.717845573856479,20985.4583439433,40932.4853904089,40932.4853904089,"Issaquah",98027,28,"point population",2023-03-13
98029,28,0.618485862637214,19947.0270464668,40932.4853904089,40932.4853904089,"Issaquah",98029,28,"point population",2023-03-13
98108,29,0.0751257998669554,1882.59910111161,57138.3220147556,57138.3220147556,"Seattle - Rainier Valley and Rainier Beach",98108,29,"point population",2023-03-13
98118,29,0.75756718742857,38340.0728852664,57138.3220147556,57138.3220147556,"Seattle - Rainier Valley and Rainier Beach",98118,29,"point population",2023-03-13
98144,29,0.27514973265215,10145.0222196101,57138.3220147556,57138.3220147556,"Seattle - Rainier Valley and Rainier Beach",98144,29,"point population",2023-03-13
98178,29,0.252085373245543,6770.62780877097,57138.3220147556,57138.3220147556,"Seattle - Rainier Valley and Rainier Beach",98178,29,"point population",2023-03-13
98104,30,0.0333612118757008,564.931295824121,34785.9893137485,34785.9893137485,"Seattle - South Beacon Hill, Georgetown, and South Park",98104,30,"point population",2023-03-13
98108,30,0.777292260116419,19478.3910825266,34785.9893137485,34785.9893137485,"Seattle - South Beacon Hill, Georgetown, and South Park",98108,30,"point population",2023-03-13
98118,30,0.242432812571457,12269.3958476735,34785.9893137485,34785.9893137485,"Seattle - South Beacon Hill, Georgetown, and South Park",98118,30,"point population",2023-03-13
98134,30,1,683.794035686442,34785.9893137485,34785.9893137485,"Seattle - South Beacon Hill, Georgetown, and South Park",98134,30,"point population",2023-03-13
98144,30,0.0440431425401432,1623.91093527278,34785.9893137485,34785.9893137485,"Seattle - South Beacon Hill, Georgetown, and South Park",98144,30,"point population",2023-03-13
98178,30,0.00616439088370504,165.566116764315,34785.9893137485,34785.9893137485,"Seattle - South Beacon Hill, Georgetown, and South Park",98178,30,"point population",2023-03-13
98006,31,0.810380519867747,33707.5106034662,33708.2543994759,33708.2543994759,"Bellevue - South",98006,31,"point population",2023-03-13
98027,31,2.54428883402229e-05,0.743796009697345,33708.2543994759,33708.2543994759,"Bellevue - South",98027,31,"point population",2023-03-13
98106,32,0.0856970605973867,2277.05864618084,63420.8425096879,63420.8425096879,"Seattle - West Seattle",98106,32,"point population",2023-03-13
98116,32,1,27856.5749031027,63420.8425096879,63420.8425096879,"Seattle - West Seattle",98116,32,"point population",2023-03-13
98126,32,0.4901225115925,12020.1153800852,63420.8425096879,63420.8425096879,"Seattle - West Seattle",98126,32,"point population",2023-03-13
98136,32,0.996503634435935,16618.2775699752,63420.8425096879,63420.8425096879,"Seattle - West Seattle",98136,32,"point population",2023-03-13
98146,32,0.164241530222097,4648.81601034948,63420.8425096879,63420.8425096879,"Seattle - West Seattle",98146,32,"point population",2023-03-13
98004,33,0.124695003460682,5037.74858597363,33837.8129022423,33837.8129022423,"Mercer Island and Point Cities",98004,33,"point population",2023-03-13
98039,33,1,2935.37526000313,33837.8129022423,33837.8129022423,"Mercer Island and Point Cities",98039,33,"point population",2023-03-13
98040,33,1,25864.6890562657,33837.8129022423,33837.8129022423,"Mercer Island and Point Cities",98040,33,"point population",2023-03-13
98104,34,0.439820593537102,7447.82350122074,50775.7895549349,50775.7895549349,"Seattle - CD, CID, Judkins, and North Beacon Hill",98104,34,"point population",2023-03-13
98108,34,0.122923610988361,3080.3782450491,50775.7895549349,50775.7895549349,"Seattle - CD, CID, Judkins, and North Beacon Hill",98108,34,"point population",2023-03-13
98112,34,0.124843485822882,2917.0267779938,50775.7895549349,50775.7895549349,"Seattle - CD, CID, Judkins, and North Beacon Hill",98112,34,"point population",2023-03-13
98122,34,0.416578368213926,17817.3286396448,50775.7895549349,50775.7895549349,"Seattle - CD, CID, Judkins, and North Beacon Hill",98122,34,"point population",2023-03-13
98144,34,0.529231041524282,19513.2323910302,50775.7895549349,50775.7895549349,"Seattle - CD, CID, Judkins, and North Beacon Hill",98144,34,"point population",2023-03-13
98004,35,0.840018257172673,33937.2121562032,39938.8996987209,39938.8996987209,"Bellevue - West",98004,35,"point population",2023-03-13
98005,35,0.210898759441782,4530.90709556491,39938.8996987209,39938.8996987209,"Bellevue - West",98005,35,"point population",2023-03-13
98006,35,0.0353598293636589,1470.78044695201,39938.8996987209,39938.8996987209,"Bellevue - West",98006,35,"point population",2023-03-13
98005,36,0.50950830356488,10946.1752832577,40732.1475155672,40732.1475155672,"Bellevue - Central",98005,36,"point population",2023-03-13
98006,36,0.154209002318573,6414.27262053578,40732.1475155672,40732.1475155672,"Bellevue - Central",98006,36,"point population",2023-03-13
98007,36,0.617253061435277,18572.271404992,40732.1475155672,40732.1475155672,"Bellevue - Central",98007,36,"point population",2023-03-13
98008,36,0.181084020813182,4799.42820678201,40732.1475155672,40732.1475155672,"Bellevue - Central",98008,36,"point population",2023-03-13
98029,37,0.362751504309229,11699.2392303832,68208.3993583749,68208.3993583749,"Sammamish",98029,37,"point population",2023-03-13
98074,37,0.963069692910548,30200.5336764453,68208.3993583749,68208.3993583749,"Sammamish",98074,37,"point population",2023-03-13
98075,37,0.99987252575872,26308.6264515488,68208.3993583749,68208.3993583749,"Sammamish",98075,37,"point population",2023-03-13
98014,38,0.883914472872305,6610.53513590388,36341.3043745782,36341.3043745782,"Duvall, Carnation, Skykomish, and Northeast King County",98014,38,"point population",2023-03-13
98019,38,0.997700328155419,12567.1067045521,36341.3043745782,36341.3043745782,"Duvall, Carnation, Skykomish, and Northeast King County",98019,38,"point population",2023-03-13
98024,38,0.91335882368568,4578.82079413985,36341.3043745782,36341.3043745782,"Duvall, Carnation, Skykomish, and Northeast King County",98024,38,"point population",2023-03-13
98027,38,0.0361687538445906,1057.35537670077,36341.3043745782,36341.3043745782,"Duvall, Carnation, Skykomish, and Northeast King County",98027,38,"point population",2023-03-13
98029,38,0.0187626330535408,605.120943890419,36341.3043745782,36341.3043745782,"Duvall, Carnation, Skykomish, and Northeast King County",98029,38,"point population",2023-03-13
98045,38,0.475803463514824,7428.81759925709,36341.3043745782,36341.3043745782,"Duvall, Carnation, Skykomish, and Northeast King County",98045,38,"point population",2023-03-13
98050,38,1,314.473638028712,36341.3043745782,36341.3043745782,"Duvall, Carnation, Skykomish, and Northeast King County",98050,38,"point population",2023-03-13
98053,38,0.000744365272759978,17.112897076912,36341.3043745782,36341.3043745782,"Duvall, Carnation, Skykomish, and Northeast King County",98053,38,"point population",2023-03-13
98065,38,0.111298982989112,1845.64029565467,36341.3043745782,36341.3043745782,"Duvall, Carnation, Skykomish, and Northeast King County",98065,38,"point population",2023-03-13
98068,38,1,349.811333795861,36341.3043745782,36341.3043745782,"Duvall, Carnation, Skykomish, and Northeast King County",98068,38,"point population",2023-03-13
98077,38,0.000452596382129169,5.74870212432111,36341.3043745782,36341.3043745782,"Duvall, Carnation, Skykomish, and Northeast King County",98077,38,"point population",2023-03-13
98224,38,1,290.732438605624,36341.3043745782,36341.3043745782,"Duvall, Carnation, Skykomish, and Northeast King County",98224,38,"point population",2023-03-13
98288,38,1,670.028514846234,36341.3043745782,36341.3043745782,"Duvall, Carnation, Skykomish, and Northeast King County",98288,38,"point population",2023-03-13
98101,39,0.658885840018801,11369.9047360148,38326.7483224307,39099.8193698697,"Seattle - Downtown, Belltown, and First Hill",98101,39,"point population",2023-03-13
98104,39,0.471721895983547,7988.03301749056,38326.7483224307,39099.8193698697,"Seattle - Downtown, Belltown, and First Hill",98104,39,"point population",2023-03-13
98109,39,0.00468819874437137,168.28464854961,38326.7483224307,39099.8193698697,"Seattle - Downtown, Belltown, and First Hill",98109,39,"point population",2023-03-13
98121,39,0.48442961433878,10802.0971618545,38326.7483224307,39099.8193698697,"Seattle - Downtown, Belltown, and First Hill",98121,39,"point population",2023-03-13
98122,39,0.182665974582249,7812.74292846042,38326.7483224307,39099.8193698697,"Seattle - Downtown, Belltown, and First Hill",98122,39,"point population",2023-03-13
98164,39,1,185.685830061059,38326.7483224307,39099.8193698697,"Seattle - Downtown, Belltown, and First Hill",98164,39,"point population",2023-03-13
98004,40,0.035286739366642,1425.60420557647,40653.0838404711,40653.0838404711,"Bellevue - Northeast",98004,40,"point population",2023-03-13
98005,40,0.27959293699329,6006.71917390972,40653.0838404711,40653.0838404711,"Bellevue - Northeast",98005,40,"point population",2023-03-13
98007,40,0.382746938564681,11516.313918191,40653.0838404711,40653.0838404711,"Bellevue - Northeast",98007,40,"point population",2023-03-13
98008,40,0.818915979186782,21704.4465427921,40653.0838404711,40653.0838404711,"Bellevue - Northeast",98008,40,"point population",2023-03-13
98102,41,0.216108752328566,5485.84382017412,26198.9540450208,26198.9540450208,"Montlake, Madison Park, and Madrona",98102,41,"point population",2023-03-13
98112,41,0.464169577408056,10845.5405414609,26198.9540450208,26198.9540450208,"Montlake, Madison Park, and Madrona",98112,41,"point population",2023-03-13
98122,41,0.100041047991398,4278.82090267795,26198.9540450208,26198.9540450208,"Montlake, Madison Park, and Madrona",98122,41,"point population",2023-03-13
98144,41,0.151576083283404,5588.74878070715,26198.9540450208,26198.9540450208,"Montlake, Madison Park, and Madrona",98144,41,"point population",2023-03-13
98101,42,0.123688359964981,2134.39838032582,41253.600100309,41253.600100309,"Seattle - Capitol Hill",98101,42,"point population",2023-03-13
98102,42,0.619333086696263,15721.5501439594,41253.600100309,41253.600100309,"Seattle - Capitol Hill",98102,42,"point population",2023-03-13
98104,42,0.0550962986036512,932.988390267208,41253.600100309,41253.600100309,"Seattle - Capitol Hill",98104,42,"point population",2023-03-13
98112,42,0.410986936769046,9602.90312353019,41253.600100309,41253.600100309,"Seattle - Capitol Hill",98112,42,"point population",2023-03-13
98122,42,0.300714609212495,12861.7600622265,41253.600100309,41253.600100309,"Seattle - Capitol Hill",98122,42,"point population",2023-03-13
98101,43,0.217425800016217,3751.95592800363,30615.8492616389,30615.8492616389,"Seattle - South Lake Union, Cascade, and Eastlake",98101,43,"point population",2023-03-13
98102,43,0.164558160975173,4177.25039230418,30615.8492616389,30615.8492616389,"Seattle - South Lake Union, Cascade, and Eastlake",98102,43,"point population",2023-03-13
98109,43,0.311743524883327,11190.1504998252,30615.8492616389,30615.8492616389,"Seattle - South Lake Union, Cascade, and Eastlake",98109,43,"point population",2023-03-13
98121,43,0.51557038566122,11496.4924415057,30615.8492616389,30615.8492616389,"Seattle - South Lake Union, Cascade, and Eastlake",98121,43,"point population",2023-03-13
98109,44,0.683568276372307,24536.9391148543,46860.0736344962,46860.0736344962,"Seattle - Queen Anne",98109,44,"point population",2023-03-13
98119,44,0.854957942038271,22323.134519642,46860.0736344962,46860.0736344962,"Seattle - Queen Anne",98119,44,"point population",2023-03-13
98119,45,0.145042057961722,3787.07912013324,26346.3593688595,26346.3593688595,"Magnolia and Interbay",98119,45,"point population",2023-03-13
98199,45,1,22559.2802487263,26346.3593688595,26346.3593688595,"Magnolia and Interbay",98199,45,"point population",2023-03-13
98103,46,0.452765028033424,24690.5452812661,39355.9260671218,39355.9260671218,"Fremont and Wallingford",98103,46,"point population",2023-03-13
98105,46,0.210194138083244,10544.977313286,39355.9260671218,39355.9260671218,"Fremont and Wallingford",98105,46,"point population",2023-03-13
98107,46,0.134149295490346,3989.31046217967,39355.9260671218,39355.9260671218,"Fremont and Wallingford",98107,46,"point population",2023-03-13
98115,46,0.00234925635607896,131.09301038978,39355.9260671218,39355.9260671218,"Fremont and Wallingford",98115,46,"point population",2023-03-13
98105,47,0.410935552783921,20615.7322979814,26579.115743271,26579.115743271,"Seattle - University District",98105,47,"point population",2023-03-13
98115,47,0.0246430755997443,1375.13088227857,26579.115743271,26579.115743271,"Seattle - University District",98115,47,"point population",2023-03-13
98195,47,1,4588.25256301108,26579.115743271,26579.115743271,"Seattle - University District",98195,47,"point population",2023-03-13
98033,48,0.0188840098871021,812.627285881278,38353.8935243208,38353.8935243208,"Redmond - South",98033,48,"point population",2023-03-13
98052,48,0.478069748598488,37541.2662384393,38353.8935243208,38353.8935243208,"Redmond - South",98052,48,"point population",2023-03-13
98105,49,0.126156311841293,6328.98452081199,28042.6560886291,28042.6560886291,"Seattle - Laurelhurst, Sand Point, and Wedgwood",98105,49,"point population",2023-03-13
98115,49,0.369245484855262,20604.6062436974,28042.6560886291,28042.6560886291,"Seattle - Laurelhurst, Sand Point, and Wedgwood",98115,49,"point population",2023-03-13
98125,49,0.0255637723751551,1109.06532411983,28042.6560886291,28042.6560886291,"Seattle - Laurelhurst, Sand Point, and Wedgwood",98125,49,"point population",2023-03-13
98105,50,0.251869856545546,12635.7563887987,28182.6162886885,28182.6162886885,"Seattle - Ravenna and Bryant",98105,50,"point population",2023-03-13
98115,50,0.278607984729999,15546.8598998899,28182.6162886885,28182.6162886885,"Seattle - Ravenna and Bryant",98115,50,"point population",2023-03-13
98033,51,0.981115990112891,42219.9325750571,56655.1083050898,56655.1083050898,"Kirkland - South",98033,51,"point population",2023-03-13
98034,51,0.277256100166195,14435.1757300325,56655.1083050898,56655.1083050898,"Kirkland - South",98034,51,"point population",2023-03-13
98103,52,0.404335402161792,22049.5421195775,45844.4192775398,45844.4192775398,"Green Lake and Phinney Ridge",98103,52,"point population",2023-03-13
98105,52,0.000844140746006074,42.3486834458205,45844.4192775398,45844.4192775398,"Green Lake and Phinney Ridge",98105,52,"point population",2023-03-13
98107,52,0.0792834327036796,2357.71814086841,45844.4192775398,45844.4192775398,"Green Lake and Phinney Ridge",98107,52,"point population",2023-03-13
98115,52,0.182425422497886,10179.6884554525,45844.4192775398,45844.4192775398,"Green Lake and Phinney Ridge",98115,52,"point population",2023-03-13
98117,52,0.269543976425429,9512.33596136485,45844.4192775398,45844.4192775398,"Green Lake and Phinney Ridge",98117,52,"point population",2023-03-13
98133,52,0.0284067098876279,1442.0608019887,45844.4192775398,45844.4192775398,"Green Lake and Phinney Ridge",98133,52,"point population",2023-03-13
98177,52,0.0121183711393143,260.725114839754,45844.4192775398,45844.4192775398,"Green Lake and Phinney Ridge",98177,52,"point population",2023-03-13
98052,53,0.465113568037089,36523.8594158685,36523.8594158685,36523.8594158685,"Redmond - North",98052,53,"point population",2023-03-13
98014,54,0.116085527127706,868.169352803983,50910.862012439,50910.862012439,"Bear Creek and Greater Sammamish",98014,54,"point population",2023-03-13
98019,54,0.00229967184458042,28.9668356727193,50910.862012439,50910.862012439,"Bear Creek and Greater Sammamish",98019,54,"point population",2023-03-13
98024,54,0.0866411763143152,434.346731480472,50910.862012439,50910.862012439,"Bear Creek and Greater Sammamish",98024,54,"point population",2023-03-13
98052,54,0.0568166833644574,4461.62980030262,50910.862012439,50910.862012439,"Bear Creek and Greater Sammamish",98052,54,"point population",2023-03-13
98053,54,0.99925563472724,22972.8057667269,50910.862012439,50910.862012439,"Bear Creek and Greater Sammamish",98053,54,"point population",2023-03-13
98072,54,0.357836989714186,8287.64611621573,50910.862012439,50910.862012439,"Bear Creek and Greater Sammamish",98072,54,"point population",2023-03-13
98074,54,0.0369303070894482,1158.08335694345,50910.862012439,50910.862012439,"Bear Creek and Greater Sammamish",98074,54,"point population",2023-03-13
98075,54,0.000127474241280086,3.35409975735413,50910.862012439,50910.862012439,"Bear Creek and Greater Sammamish",98075,54,"point population",2023-03-13
98077,54,0.999547403617871,12695.8599525389,50910.862012439,50910.862012439,"Bear Creek and Greater Sammamish",98077,54,"point population",2023-03-13
98107,55,0.786567271805971,23390.8127147003,54859.1307367591,54859.1307367591,"Seattle - Ballard",98107,55,"point population",2023-03-13
98117,55,0.730456023574549,25778.1427483172,54859.1307367591,54859.1307367591,"Seattle - Ballard",98117,55,"point population",2023-03-13
98133,55,0.0400532499479875,2033.29501975886,54859.1307367591,54859.1307367591,"Seattle - Ballard",98133,55,"point population",2023-03-13
98177,55,0.169969940015283,3656.88025398257,54859.1307367591,54859.1307367591,"Seattle - Ballard",98177,55,"point population",2023-03-13
98103,56,0.0123258862830822,672.165106757566,48540.161740736,48540.161740736,"Seattle - Northgate and Lake City",98103,56,"point population",2023-03-13
98115,56,0.142728775961025,7964.53944311488,48540.161740736,48540.161740736,"Seattle - Northgate and Lake City",98115,56,"point population",2023-03-13
98125,56,0.879057124504331,38137.2420470995,48540.161740736,48540.161740736,"Seattle - Northgate and Lake City",98125,56,"point population",2023-03-13
98133,56,0.0327628375132663,1663.19872757892,48540.161740736,48540.161740736,"Seattle - Northgate and Lake City",98133,56,"point population",2023-03-13
98155,56,0.00279784110864101,103.016416186654,48540.161740736,48540.161740736,"Seattle - Northgate and Lake City",98155,56,"point population",2023-03-13
98034,57,0.715170318319005,37234.9218489687,37234.9218489687,37234.9218489687,"Kirkland - North",98034,57,"point population",2023-03-13
98103,58,0.130573683521664,7120.54873040097,37251.6304448911,37251.6304448911,"Seattle - Broadview, Haller Lake, and Licton Springs",98103,58,"point population",2023-03-13
98125,58,0.0953791031205138,4137.95172184441,37251.6304448911,37251.6304448911,"Seattle - Broadview, Haller Lake, and Licton Springs",98125,58,"point population",2023-03-13
98133,58,0.417146923762959,21176.3780391451,37251.6304448911,37251.6304448911,"Seattle - Broadview, Haller Lake, and Licton Springs",98133,58,"point population",2023-03-13
98177,58,0.223880188505842,4816.75195350009,37251.6304448911,37251.6304448911,"Seattle - Broadview, Haller Lake, and Licton Springs",98177,58,"point population",2023-03-13
98011,59,0.000175468356836586,4.81039510747785,37674.6953922398,37674.6953922398,"Kenmore and Lake Forest Park",98011,59,"point population",2023-03-13
98028,59,0.998126465024124,23841.0221804446,37674.6953922398,37674.6953922398,"Kenmore and Lake Forest Park",98028,59,"point population",2023-03-13
98155,59,0.375580536641712,13828.8628166889,37674.6953922398,37674.6953922398,"Kenmore and Lake Forest Park",98155,59,"point population",2023-03-13
98011,60,0.999824531643163,27409.7912698398,42721.6052986237,42721.6052986237,"Bothell and Woodinville",98011,60,"point population",2023-03-13
98028,60,0.00187353497587648,44.7508311630934,42721.6052986237,42721.6052986237,"Bothell and Woodinville",98028,60,"point population",2023-03-13
98034,60,0.00757358151483975,394.314065612639,42721.6052986237,42721.6052986237,"Bothell and Woodinville",98034,60,"point population",2023-03-13
98072,60,0.642163010285794,14872.7491320092,42721.6052986237,42721.6052986237,"Bothell and Woodinville",98072,60,"point population",2023-03-13
98133,61,0.481630278888113,24449.8623382614,60118.4570381165,60118.4570381165,"Shoreline",98133,61,"point population",2023-03-13
98155,61,0.621621622249712,22888.0873722682,60118.4570381165,60118.4570381165,"Shoreline",98155,61,"point population",2023-03-13
98177,61,0.594031500339516,12780.5073275891,60118.4570381165,60118.4570381165,"Shoreline",98177,61,"point population",2023-03-13
