"GEOID10","hra20_id","s2t_fraction","isect_amount","tcoverage_amount","target_amount","hra20_name","source_id","target_id","method","creation_date"
"53033030600",1,0.00153566722742045,9.0654274064967,48134.7913829444,48134.7913829444,"Enumclaw, Black Diamond, and Southeast King County","53033030600",1,"point population",2023-03-15
"53033031100",1,0.00368804217996992,27.8390042654431,48134.7913829444,48134.7913829444,"Enumclaw, Black Diamond, and Southeast King County","53033031100",1,"point population",2023-03-15
"53033031202",1,0.813316697539759,5487.70050540891,48134.7913829444,48134.7913829444,"Enumclaw, Black Diamond, and Southeast King County","53033031202",1,"point population",2023-03-15
"53033031204",1,1,6232.88821576977,48134.7913829444,48134.7913829444,"Enumclaw, Black Diamond, and Southeast King County","53033031204",1,"point population",2023-03-15
"53033031301",1,1,2525.13181772718,48134.7913829444,48134.7913829444,"Enumclaw, Black Diamond, and Southeast King County","53033031301",1,"point population",2023-03-15
"53033031302",1,1,4822.55229913998,48134.7913829444,48134.7913829444,"Enumclaw, Black Diamond, and Southeast King County","53033031302",1,"point population",2023-03-15
"53033031400",1,1,5820.83176052302,48134.7913829444,48134.7913829444,"Enumclaw, Black Diamond, and Southeast King County","53033031400",1,"point population",2023-03-15
"53033031501",1,0.302621403951963,1229.60771773716,48134.7913829444,48134.7913829444,"Enumclaw, Black Diamond, and Southeast King County","53033031501",1,"point population",2023-03-15
"53033031502",1,0.999669239214336,5238.90202040641,48134.7913829444,48134.7913829444,"Enumclaw, Black Diamond, and Southeast King County","53033031502",1,"point population",2023-03-15
"53033031601",1,1,5254.70803578525,48134.7913829444,48134.7913829444,"Enumclaw, Black Diamond, and Southeast King County","53033031601",1,"point population",2023-03-15
"53033031603",1,0.627351428745228,5093.49022713693,48134.7913829444,48134.7913829444,"Enumclaw, Black Diamond, and Southeast King County","53033031603",1,"point population",2023-03-15
"53033031605",1,0.915796489668964,3328.99420626515,48134.7913829444,48134.7913829444,"Enumclaw, Black Diamond, and Southeast King County","53033031605",1,"point population",2023-03-15
"53033031704",1,0.0325800437023926,203.376823914892,48134.7913829444,48134.7913829444,"Enumclaw, Black Diamond, and Southeast King County","53033031704",1,"point population",2023-03-15
"53033032006",1,0.535122457328662,2859.70332145803,48134.7913829444,48134.7913829444,"Enumclaw, Black Diamond, and Southeast King County","53033032006",1,"point population",2023-03-15
"53033030401",2,0.0415188056291406,417.825387535325,30561.3694013573,30564.737450909,"Auburn - South","53033030401",2,"point population",2023-03-15
"53033030700",2,1,4339.42997581757,30561.3694013573,30564.737450909,"Auburn - South","53033030700",2,"point population",2023-03-15
"53033030801",2,1,7439.78214701859,30561.3694013573,30564.737450909,"Auburn - South","53033030801",2,"point population",2023-03-15
"53033030802",2,1,4541.65230890559,30561.3694013573,30564.737450909,"Auburn - South","53033030802",2,"point population",2023-03-15
"53033031000",2,1,5042.45771469892,30561.3694013573,30564.737450909,"Auburn - South","53033031000",2,"point population",2023-03-15
"53033031100",2,0.99631195782003,7520.61161179288,30561.3694013573,30564.737450909,"Auburn - South","53033031100",2,"point population",2023-03-15
"53033031202",2,0.186683302460255,1259.61025558862,30561.3694013573,30564.737450909,"Auburn - South","53033031202",2,"point population",2023-03-15
"53033030304",3,1,4573.78367805777,35833.7137720499,35833.7137720499,"Federal Way - Dash Point and Southern Rim","53033030304",3,"point population",2023-03-15
"53033030305",3,0.645342097585828,3512.93394119323,35833.7137720499,35833.7137720499,"Federal Way - Dash Point and Southern Rim","53033030305",3,"point population",2023-03-15
"53033030306",3,0.984846144348781,5794.22486539447,35833.7137720499,35833.7137720499,"Federal Way - Dash Point and Southern Rim","53033030306",3,"point population",2023-03-15
"53033030309",3,0.289727721610215,1711.83053465896,35833.7137720499,35833.7137720499,"Federal Way - Dash Point and Southern Rim","53033030309",3,"point population",2023-03-15
"53033030310",3,1,6521.85039858538,35833.7137720499,35833.7137720499,"Federal Way - Dash Point and Southern Rim","53033030310",3,"point population",2023-03-15
"53033030311",3,0.474950880556188,2430.05226406591,35833.7137720499,35833.7137720499,"Federal Way - Dash Point and Southern Rim","53033030311",3,"point population",2023-03-15
"53033030312",3,0.915375654745225,5100.62715311754,35833.7137720499,35833.7137720499,"Federal Way - Dash Point and Southern Rim","53033030312",3,"point population",2023-03-15
"53033030313",3,0.352998266270701,1743.65001867189,35833.7137720499,35833.7137720499,"Federal Way - Dash Point and Southern Rim","53033030313",3,"point population",2023-03-15
"53033030401",3,0.315818236480478,3178.24357056078,35833.7137720499,35833.7137720499,"Federal Way - Dash Point and Southern Rim","53033030401",3,"point population",2023-03-15
"53033030403",3,0.273127379732001,1266.51734774394,35833.7137720499,35833.7137720499,"Federal Way - Dash Point and Southern Rim","53033030403",3,"point population",2023-03-15
"53033029700",4,0.00114367354378377,9.63498978300559,39360.6641435532,39360.6641435532,"Lakeland, Algona, Pacific, and Milton","53033029700",4,"point population",2023-03-15
"53033029801",4,0.0643903392768485,573.860836568855,39360.6641435532,39360.6641435532,"Lakeland, Algona, Pacific, and Milton","53033029801",4,"point population",2023-03-15
"53033029802",4,0.866931255208674,8549.53569082489,39360.6641435532,39360.6641435532,"Lakeland, Algona, Pacific, and Milton","53033029802",4,"point population",2023-03-15
"53033029901",4,1,4870.94941006658,39360.6641435532,39360.6641435532,"Lakeland, Algona, Pacific, and Milton","53033029901",4,"point population",2023-03-15
"53033030401",4,0.642662957890356,6467.45240779929,39360.6641435532,39360.6641435532,"Lakeland, Algona, Pacific, and Milton","53033030401",4,"point population",2023-03-15
"53033030403",4,0.726872620267992,3370.57670334191,39360.6641435532,39360.6641435532,"Lakeland, Algona, Pacific, and Milton","53033030403",4,"point population",2023-03-15
"53033030404",4,1,5272.0400687395,39360.6641435532,39360.6641435532,"Lakeland, Algona, Pacific, and Milton","53033030404",4,"point population",2023-03-15
"53033030501",4,0.00297585319110329,9.08693044299726,39360.6641435532,39360.6641435532,"Lakeland, Algona, Pacific, and Milton","53033030501",4,"point population",2023-03-15
"53033030901",4,1,3944.71460361192,39360.6641435532,39360.6641435532,"Lakeland, Algona, Pacific, and Milton","53033030901",4,"point population",2023-03-15
"53033030902",4,1,6292.81250237539,39360.6641435532,39360.6641435532,"Lakeland, Algona, Pacific, and Milton","53033030902",4,"point population",2023-03-15
"53033029601",5,0.0208625387544902,165.443170572695,49626.358213209,49626.358213209,"Auburn - North","53033029601",5,"point population",2023-03-15
"53033029602",5,0.874310239117098,6477.60731268105,49626.358213209,49626.358213209,"Auburn - North","53033029602",5,"point population",2023-03-15
"53033029700",5,0.0319084918715673,268.816214945856,49626.358213209,49626.358213209,"Auburn - North","53033029700",5,"point population",2023-03-15
"53033029802",5,0.133068744791329,1312.30241854978,49626.358213209,49626.358213209,"Auburn - North","53033029802",5,"point population",2023-03-15
"53033029902",5,1,5966.77066387295,49626.358213209,49626.358213209,"Auburn - North","53033029902",5,"point population",2023-03-15
"53033030501",5,0.997024146808897,3044.46775100563,49626.358213209,49626.358213209,"Auburn - North","53033030501",5,"point population",2023-03-15
"53033030503",5,1,6507.73816019581,49626.358213209,49626.358213209,"Auburn - North","53033030503",5,"point population",2023-03-15
"53033030504",5,1,5199.89517762953,49626.358213209,49626.358213209,"Auburn - North","53033030504",5,"point population",2023-03-15
"53033030600",5,0.998464332772579,5894.18447245913,49626.358213209,49626.358213209,"Auburn - North","53033030600",5,"point population",2023-03-15
"53033031205",5,1,9591.99077228763,49626.358213209,49626.358213209,"Auburn - North","53033031205",5,"point population",2023-03-15
"53033031206",5,1,5197.14209901021,49626.358213209,49626.358213209,"Auburn - North","53033031206",5,"point population",2023-03-15
"53033030100",6,0.745942865413223,5600.63143288453,34913.2246977088,34913.2246977088,"Federal Way - Central","53033030100",6,"point population",2023-03-15
"53033030201",6,1,5718.69465591131,34913.2246977088,34913.2246977088,"Federal Way - Central","53033030201",6,"point population",2023-03-15
"53033030202",6,0.549839371951005,4417.65040284925,34913.2246977088,34913.2246977088,"Federal Way - Central","53033030202",6,"point population",2023-03-15
"53033030305",6,0.354657902414184,1930.58811375231,34913.2246977088,34913.2246977088,"Federal Way - Central","53033030305",6,"point population",2023-03-15
"53033030306",6,0.0151538556512211,89.1559029039649,34913.2246977088,34913.2246977088,"Federal Way - Central","53033030306",6,"point population",2023-03-15
"53033030308",6,1,6932.7019768533,34913.2246977088,34913.2246977088,"Federal Way - Central","53033030308",6,"point population",2023-03-15
"53033030309",6,0.71027227838979,4196.58073211647,34913.2246977088,34913.2246977088,"Federal Way - Central","53033030309",6,"point population",2023-03-15
"53033030311",6,0.525049119443818,2686.37632581318,34913.2246977088,34913.2246977088,"Federal Way - Central","53033030311",6,"point population",2023-03-15
"53033030312",6,0.0846243452547823,471.541089151505,34913.2246977088,34913.2246977088,"Federal Way - Central","53033030312",6,"point population",2023-03-15
"53033030314",6,0.615855394137,2869.30406547368,34913.2246977088,34913.2246977088,"Federal Way - Central","53033030314",6,"point population",2023-03-15
"53033030003",7,0.157909201060998,1082.38658881211,31219.3751871774,31219.3751871774,"Federal Way - North Corridor","53033030003",7,"point population",2023-03-15
"53033030004",7,1,9393.97353219098,31219.3751871774,31219.3751871774,"Federal Way - North Corridor","53033030004",7,"point population",2023-03-15
"53033030005",7,1,6206.57257644891,31219.3751871774,31219.3751871774,"Federal Way - North Corridor","53033030005",7,"point population",2023-03-15
"53033030006",7,1,4374.65079336765,31219.3751871774,31219.3751871774,"Federal Way - North Corridor","53033030006",7,"point population",2023-03-15
"53033030100",7,0.207689766355311,1559.36049216536,31219.3751871774,31219.3751871774,"Federal Way - North Corridor","53033030100",7,"point population",2023-03-15
"53033030202",7,0.45016062804897,3616.78770436361,31219.3751871774,31219.3751871774,"Federal Way - North Corridor","53033030202",7,"point population",2023-03-15
"53033030313",7,0.647001733729302,3195.89270796223,31219.3751871774,31219.3751871774,"Federal Way - North Corridor","53033030313",7,"point population",2023-03-15
"53033030314",7,0.384144605863004,1789.7507918674,31219.3751871774,31219.3751871774,"Federal Way - North Corridor","53033030314",7,"point population",2023-03-15
"53033025602",8,0.34184749345272,2432.47233608101,25317.6831291614,25317.6831291614,"East Highlands, Hobart, and Greater Maple Valley","53033025602",8,"point population",2023-03-15
"53033029307",8,0.0754674476233387,293.403458952002,25317.6831291614,25317.6831291614,"East Highlands, Hobart, and Greater Maple Valley","53033029307",8,"point population",2023-03-15
"53033031501",8,0.697378596048037,2833.5804826994,25317.6831291614,25317.6831291614,"East Highlands, Hobart, and Greater Maple Valley","53033031501",8,"point population",2023-03-15
"53033031502",8,0.000330760785664217,1.73339668793785,25317.6831291614,25317.6831291614,"East Highlands, Hobart, and Greater Maple Valley","53033031502",8,"point population",2023-03-15
"53033031603",8,0.0814889024215268,661.611513238016,25317.6831291614,25317.6831291614,"East Highlands, Hobart, and Greater Maple Valley","53033031603",8,"point population",2023-03-15
"53033031605",8,0.0148855809820043,54.1102891362856,25317.6831291614,25317.6831291614,"East Highlands, Hobart, and Greater Maple Valley","53033031605",8,"point population",2023-03-15
"53033031703",8,0.00719488522008014,56.3484173628939,25317.6831291614,25317.6831291614,"East Highlands, Hobart, and Greater Maple Valley","53033031703",8,"point population",2023-03-15
"53033031705",8,0.0669863149910623,289.539577632418,25317.6831291614,25317.6831291614,"East Highlands, Hobart, and Greater Maple Valley","53033031705",8,"point population",2023-03-15
"53033031800",8,0.540076300363892,2678.82412728613,25317.6831291614,25317.6831291614,"East Highlands, Hobart, and Greater Maple Valley","53033031800",8,"point population",2023-03-15
"53033031903",8,0.593137252219158,4562.24498876729,25317.6831291614,25317.6831291614,"East Highlands, Hobart, and Greater Maple Valley","53033031903",8,"point population",2023-03-15
"53033031904",8,0.0769817702943336,269.137656850527,25317.6831291614,25317.6831291614,"East Highlands, Hobart, and Greater Maple Valley","53033031904",8,"point population",2023-03-15
"53033031906",8,0.370007142446697,1611.21615972614,25317.6831291614,25317.6831291614,"East Highlands, Hobart, and Greater Maple Valley","53033031906",8,"point population",2023-03-15
"53033032002",8,0.81818181818182,2492.93161967241,25317.6831291614,25317.6831291614,"East Highlands, Hobart, and Greater Maple Valley","53033032002",8,"point population",2023-03-15
"53033032003",8,0.998639228912506,5120.78411562782,25317.6831291614,25317.6831291614,"East Highlands, Hobart, and Greater Maple Valley","53033032003",8,"point population",2023-03-15
"53033032005",8,0.0787129419070019,555.618535936439,25317.6831291614,25317.6831291614,"East Highlands, Hobart, and Greater Maple Valley","53033032005",8,"point population",2023-03-15
"53033032007",8,0.290391161849333,1270.59020007482,25317.6831291614,25317.6831291614,"East Highlands, Hobart, and Greater Maple Valley","53033032007",8,"point population",2023-03-15
"53033032008",8,0.0135135135135137,60.270298053341,25317.6831291614,25317.6831291614,"East Highlands, Hobart, and Greater Maple Valley","53033032008",8,"point population",2023-03-15
"53033032010",8,0.0102956152579051,73.2659553771324,25317.6831291614,25317.6831291614,"East Highlands, Hobart, and Greater Maple Valley","53033032010",8,"point population",2023-03-15
"53033029203",9,0.0478263777468299,210.286132075456,30871.5885884052,30871.5885884052,"Kent - South","53033029203",9,"point population",2023-03-15
"53033029502",9,0.679233305575747,5379.59891099611,30871.5885884052,30871.5885884052,"Kent - South","53033029502",9,"point population",2023-03-15
"53033029503",9,0.15241089601873,1338.59297519849,30871.5885884052,30871.5885884052,"Kent - South","53033029503",9,"point population",2023-03-15
"53033029504",9,0.0099979592219263,65.2391239993491,30871.5885884052,30871.5885884052,"Kent - South","53033029504",9,"point population",2023-03-15
"53033029601",9,0.814905180908621,6462.32457287207,30871.5885884052,30871.5885884052,"Kent - South","53033029601",9,"point population",2023-03-15
"53033029602",9,0.12568976088289,931.212832468154,30871.5885884052,30871.5885884052,"Kent - South","53033029602",9,"point population",2023-03-15
"53033029700",9,0.940069773685924,7919.70988050476,30871.5885884052,30871.5885884052,"Kent - South","53033029700",9,"point population",2023-03-15
"53033031703",9,0.323872997315356,2536.48672175674,30871.5885884052,30871.5885884052,"Kent - South","53033031703",9,"point population",2023-03-15
"53033031704",9,0.965680245226125,6028.13743853329,30871.5885884052,30871.5885884052,"Kent - South","53033031704",9,"point population",2023-03-15
"53033031603",10,0.291159668833232,2363.93647927875,28578.7286773645,28578.7286773645,"Maple Valley","53033031603",10,"point population",2023-03-15
"53033031604",10,1,6474.55740511083,28578.7286773645,28578.7286773645,"Maple Valley","53033031604",10,"point population",2023-03-15
"53033031605",10,0.069317929349035,251.976271798823,28578.7286773645,28578.7286773645,"Maple Valley","53033031605",10,"point population",2023-03-15
"53033032003",10,0.00136077108749375,6.97771003591737,28578.7286773645,28578.7286773645,"Maple Valley","53033032003",10,"point population",2023-03-15
"53033032006",10,0.312375253984499,1669.33855816879,28578.7286773645,28578.7286773645,"Maple Valley","53033032006",10,"point population",2023-03-15
"53033032007",10,0.259813065746324,1136.79745997212,28578.7286773645,28578.7286773645,"Maple Valley","53033032007",10,"point population",2023-03-15
"53033032008",10,0.986486486486487,4399.73175789385,28578.7286773645,28578.7286773645,"Maple Valley","53033032008",10,"point population",2023-03-15
"53033032010",10,0.989704384742096,7042.9629966399,28578.7286773645,28578.7286773645,"Maple Valley","53033032010",10,"point population",2023-03-15
"53033032011",10,1,5232.450038463,28578.7286773645,28578.7286773645,"Maple Valley","53033032011",10,"point population",2023-03-15
"53033031703",11,0.0666089891154201,521.663793651784,21540.4177659293,21540.4177659293,"Covington","53033031703",11,"point population",2023-03-15
"53033031704",11,0.00173971107148698,10.859927490601,21540.4177659293,21540.4177659293,"Covington","53033031704",11,"point population",2023-03-15
"53033031705",11,0.933013685008934,4032.82951627952,21540.4177659293,21540.4177659293,"Covington","53033031705",11,"point population",2023-03-15
"53033031706",11,1,7688.85699163142,21540.4177659293,21540.4177659293,"Covington","53033031706",11,"point population",2023-03-15
"53033032005",11,0.921287058092996,6503.1766567638,21540.4177659293,21540.4177659293,"Covington","53033032005",11,"point population",2023-03-15
"53033032006",11,0.152502288686834,814.974769821404,21540.4177659293,21540.4177659293,"Covington","53033032006",11,"point population",2023-03-15
"53033032007",11,0.449795772404344,1968.05611029086,21540.4177659293,21540.4177659293,"Covington","53033032007",11,"point population",2023-03-15
"53033029203",12,0.891151990109241,3918.27510089532,29125.9789769504,29125.9789769504,"Kent - Central","53033029203",12,"point population",2023-03-15
"53033029204",12,0.170164791885549,1308.78227217949,29125.9789769504,29125.9789769504,"Kent - Central","53033029204",12,"point population",2023-03-15
"53033029406",12,0.168358900509797,908.983061617461,29125.9789769504,29125.9789769504,"Kent - Central","53033029406",12,"point population",2023-03-15
"53033029407",12,0.55032939331881,2883.21686628127,29125.9789769504,29125.9789769504,"Kent - Central","53033029407",12,"point population",2023-03-15
"53033029408",12,0.689348840059564,3213.11831980176,29125.9789769504,29125.9789769504,"Kent - Central","53033029408",12,"point population",2023-03-15
"53033029502",12,0.197660993092234,1565.49576479331,29125.9789769504,29125.9789769504,"Kent - Central","53033029502",12,"point population",2023-03-15
"53033029503",12,0.841897838075156,7394.21236486733,29125.9789769504,29125.9789769504,"Kent - Central","53033029503",12,"point population",2023-03-15
"53033029504",12,0.990002040778074,6460.00493343536,29125.9789769504,29125.9789769504,"Kent - Central","53033029504",12,"point population",2023-03-15
"53033029601",12,0.164232280336888,1302.38747494096,29125.9789769504,29125.9789769504,"Kent - Central","53033029601",12,"point population",2023-03-15
"53033029700",12,0.0203573890793512,171.502818137499,29125.9789769504,29125.9789769504,"Kent - Central","53033029700",12,"point population",2023-03-15
"53033028300",13,0.113964090200023,718.256144967764,33206.6797194927,33206.6797194927,"Kent - West","53033028300",13,"point population",2023-03-15
"53033029004",13,1,4043.02350099086,33206.6797194927,33206.6797194927,"Kent - West","53033029004",13,"point population",2023-03-15
"53033029101",13,0.911160854595678,4196.93303631946,33206.6797194927,33206.6797194927,"Kent - West","53033029101",13,"point population",2023-03-15
"53033029102",13,1,4707.12533996217,33206.6797194927,33206.6797194927,"Kent - West","53033029102",13,"point population",2023-03-15
"53033029203",13,0.0579982873464366,255.010646585951,33206.6797194927,33206.6797194927,"Kent - West","53033029203",13,"point population",2023-03-15
"53033029205",13,1,5158.5573105947,33206.6797194927,33206.6797194927,"Kent - West","53033029205",13,"point population",2023-03-15
"53033029206",13,1,4630.7884824637,33206.6797194927,33206.6797194927,"Kent - West","53033029206",13,"point population",2023-03-15
"53033029700",13,0.00652067181937334,54.9340383883819,33206.6797194927,33206.6797194927,"Kent - West","53033029700",13,"point population",2023-03-15
"53033029801",13,0.935609660723142,8338.35865184718,33206.6797194927,33206.6797194927,"Kent - West","53033029801",13,"point population",2023-03-15
"53033030003",13,0.161017526762116,1103.69256737412,33206.6797194927,33206.6797194927,"Kent - West","53033030003",13,"point population",2023-03-15
"53033029203",14,0.00302334479749319,13.2932392823213,44012.6422157138,44012.6422157138,"Kent - East","53033029203",14,"point population",2023-03-15
"53033029204",14,0.829835208114452,6382.4813416224,44012.6422157138,44012.6422157138,"Kent - East","53033029204",14,"point population",2023-03-15
"53033029305",14,0.689649710442664,3260.50035762307,44012.6422157138,44012.6422157138,"Kent - East","53033029305",14,"point population",2023-03-15
"53033029306",14,1,4417.6033441338,44012.6422157138,44012.6422157138,"Kent - East","53033029306",14,"point population",2023-03-15
"53033029307",14,0.230457310205001,895.975338829543,44012.6422157138,44012.6422157138,"Kent - East","53033029307",14,"point population",2023-03-15
"53033029403",14,1,6386.27452916078,44012.6422157138,44012.6422157138,"Kent - East","53033029403",14,"point population",2023-03-15
"53033029405",14,1,6339.0968261526,44012.6422157138,44012.6422157138,"Kent - East","53033029405",14,"point population",2023-03-15
"53033029406",14,0.831641099490192,4490.09627939164,44012.6422157138,44012.6422157138,"Kent - East","53033029406",14,"point population",2023-03-15
"53033029407",14,0.449670606681198,2355.85795197222,44012.6422157138,44012.6422157138,"Kent - East","53033029407",14,"point population",2023-03-15
"53033029408",14,0.310651159940428,1447.9736166467,44012.6422157138,44012.6422157138,"Kent - East","53033029408",14,"point population",2023-03-15
"53033029502",14,0.123105701332021,975.010046454942,44012.6422157138,44012.6422157138,"Kent - East","53033029502",14,"point population",2023-03-15
"53033029503",14,0.00569126590610614,49.9851963403203,44012.6422157138,44012.6422157138,"Kent - East","53033029503",14,"point population",2023-03-15
"53033031703",14,0.602323128349134,4717.23369940889,44012.6422157138,44012.6422157138,"Kent - East","53033031703",14,"point population",2023-03-15
"53033031800",14,0.459923699636115,2281.26044869177,44012.6422157138,44012.6422157138,"Kent - East","53033031800",14,"point population",2023-03-15
"53033027800",15,0.0973149316841138,326.322115088784,40797.8741786939,40797.8741786939,"Des Moines and Normandy Park","53033027800",15,"point population",2023-03-15
"53033028600",15,0.9539514884698,6352.72608349825,40797.8741786939,40797.8741786939,"Des Moines and Normandy Park","53033028600",15,"point population",2023-03-15
"53033028700",15,0.982385483431421,5260.6234649111,40797.8741786939,40797.8741786939,"Des Moines and Normandy Park","53033028700",15,"point population",2023-03-15
"53033028801",15,0.50934944173127,1984.91298899715,40797.8741786939,40797.8741786939,"Des Moines and Normandy Park","53033028801",15,"point population",2023-03-15
"53033028901",15,1,3726.10038298822,40797.8741786939,40797.8741786939,"Des Moines and Normandy Park","53033028901",15,"point population",2023-03-15
"53033028902",15,1,7243.48994394112,40797.8741786939,40797.8741786939,"Des Moines and Normandy Park","53033028902",15,"point population",2023-03-15
"53033029001",15,1,4530.34676887465,40797.8741786939,40797.8741786939,"Des Moines and Normandy Park","53033029001",15,"point population",2023-03-15
"53033029003",15,1,6356.81249701581,40797.8741786939,40797.8741786939,"Des Moines and Normandy Park","53033029003",15,"point population",2023-03-15
"53033030003",15,0.681073272176898,4668.40798920825,40797.8741786939,40797.8741786939,"Des Moines and Normandy Park","53033030003",15,"point population",2023-03-15
"53033030100",15,0.0463673682314634,348.131944171635,40797.8741786939,40797.8741786939,"Des Moines and Normandy Park","53033030100",15,"point population",2023-03-15
"53033027701",16,1,5882.13212943179,11075.3314194928,11075.3314194928,"Vashon","53033027701",16,"point population",2023-03-15
"53033027702",16,1,5193.19929006133,11075.3314194928,11075.3314194928,"Vashon","53033027702",16,"point population",2023-03-15
"53033025702",17,0.18487649639244,714.00450159736,25468.0446010286,25468.0446010286,"Fairwood","53033025702",17,"point population",2023-03-15
"53033025804",17,0.243128869832752,916.023272326558,25468.0446010286,25468.0446010286,"Fairwood","53033025804",17,"point population",2023-03-15
"53033029304",17,0.722723347534752,4509.7655269614,25468.0446010286,25468.0446010286,"Fairwood","53033029304",17,"point population",2023-03-15
"53033029307",17,0.694075242171657,2698.43599113765,25468.0446010286,25468.0446010286,"Fairwood","53033029307",17,"point population",2023-03-15
"53033031906",17,0.6299928575533,2743.33804988144,25468.0446010286,25468.0446010286,"Fairwood","53033031906",17,"point population",2023-03-15
"53033031907",17,0.821267000345765,6309.2667701273,25468.0446010286,25468.0446010286,"Fairwood","53033031907",17,"point population",2023-03-15
"53033031908",17,1,4519.25432639842,25468.0446010286,25468.0446010286,"Fairwood","53033031908",17,"point population",2023-03-15
"53033031909",17,1,3057.95616259933,25468.0446010286,25468.0446010286,"Fairwood","53033031909",17,"point population",2023-03-15
"53033027300",18,0.485197722200331,3300.94210095591,32003.0562826669,32003.0562826669,"Seatac","53033027300",18,"point population",2023-03-15
"53033028000",18,0.000704468789473525,2.77115359498696,32003.0562826669,32003.0562826669,"Seatac","53033028000",18,"point population",2023-03-15
"53033028100",18,0.901365936484182,2686.4614931535,32003.0562826669,32003.0562826669,"Seatac","53033028100",18,"point population",2023-03-15
"53033028300",18,0.699030039688064,4405.62128510646,32003.0562826669,32003.0562826669,"Seatac","53033028300",18,"point population",2023-03-15
"53033028402",18,0.984649823414946,5937.00046900779,32003.0562826669,32003.0562826669,"Seatac","53033028402",18,"point population",2023-03-15
"53033028403",18,1,6117.05660523545,32003.0562826669,32003.0562826669,"Seatac","53033028403",18,"point population",2023-03-15
"53033028500",18,0.00279826066657522,13.2316177122322,32003.0562826669,32003.0562826669,"Seatac","53033028500",18,"point population",2023-03-15
"53033028700",18,0.0176145165685791,94.3248253832746,32003.0562826669,32003.0562826669,"Seatac","53033028700",18,"point population",2023-03-15
"53033028801",18,0.490650558268722,1912.04423991519,32003.0562826669,32003.0562826669,"Seatac","53033028801",18,"point population",2023-03-15
"53033028802",18,1,7124.39709008136,32003.0562826669,32003.0562826669,"Seatac","53033028802",18,"point population",2023-03-15
"53033029101",18,0.0888391454043224,409.205402520546,32003.0562826669,32003.0562826669,"Seatac","53033029101",18,"point population",2023-03-15
"53033025701",19,0.735098315166785,4722.94771914431,42661.9116538189,42661.9116538189,"Renton - South","53033025701",19,"point population",2023-03-15
"53033025702",19,0.450606313902437,1740.26954671178,42661.9116538189,42661.9116538189,"Renton - South","53033025702",19,"point population",2023-03-15
"53033025803",19,1,5310.46645610543,42661.9116538189,42661.9116538189,"Renton - South","53033025803",19,"point population",2023-03-15
"53033025804",19,0.756871130167245,2851.62173403031,42661.9116538189,42661.9116538189,"Renton - South","53033025804",19,"point population",2023-03-15
"53033025805",19,1,5646.12433323908,42661.9116538189,42661.9116538189,"Renton - South","53033025805",19,"point population",2023-03-15
"53033025806",19,1,5365.64145686405,42661.9116538189,42661.9116538189,"Renton - South","53033025806",19,"point population",2023-03-15
"53033026001",19,0.0033260668798284,19.2542638844242,42661.9116538189,42661.9116538189,"Renton - South","53033026001",19,"point population",2023-03-15
"53033026002",19,0.556909650262187,4830.58421267998,42661.9116538189,42661.9116538189,"Renton - South","53033026002",19,"point population",2023-03-15
"53033026100",19,0.0446844152746695,359.966499021147,42661.9116538189,42661.9116538189,"Renton - South","53033026100",19,"point population",2023-03-15
"53033026200",19,0.000542947109814485,3.83184326878375,42661.9116538189,42661.9116538189,"Renton - South","53033026200",19,"point population",2023-03-15
"53033029303",19,1,8613.74547771342,42661.9116538189,42661.9116538189,"Renton - South","53033029303",19,"point population",2023-03-15
"53033029304",19,0.277276652465243,1730.19550701437,42661.9116538189,42661.9116538189,"Renton - South","53033029304",19,"point population",2023-03-15
"53033029305",19,0.310350289557346,1467.26260414239,42661.9116538189,42661.9116538189,"Renton - South","53033029305",19,"point population",2023-03-15
"53033026400",20,0.35256350690506,2149.29952367223,53299.9419122871,53299.9419122871,"Burien","53033026400",20,"point population",2023-03-15
"53033026700",20,0.718959791848773,4216.12409451697,53299.9419122871,53299.9419122871,"Burien","53033026700",20,"point population",2023-03-15
"53033026802",20,0.8222190144478,5215.25133498007,53299.9419122871,53299.9419122871,"Burien","53033026802",20,"point population",2023-03-15
"53033027000",20,0.88778824820141,3139.57110095429,53299.9419122871,53299.9419122871,"Burien","53033027000",20,"point population",2023-03-15
"53033027100",20,0.921517159166433,3524.39566724893,53299.9419122871,53299.9419122871,"Burien","53033027100",20,"point population",2023-03-15
"53033027400",20,1,5879.31170803841,53299.9419122871,53299.9419122871,"Burien","53033027400",20,"point population",2023-03-15
"53033027500",20,1,5000.04089226234,53299.9419122871,53299.9419122871,"Burien","53033027500",20,"point population",2023-03-15
"53033027600",20,1,4344.50581915667,53299.9419122871,53299.9419122871,"Burien","53033027600",20,"point population",2023-03-15
"53033027800",20,0.902685068315887,3026.93631546772,53299.9419122871,53299.9419122871,"Burien","53033027800",20,"point population",2023-03-15
"53033027900",20,1,7759.10555362679,53299.9419122871,53299.9419122871,"Burien","53033027900",20,"point population",2023-03-15
"53033028000",20,0.999295531210526,3930.90715322958,53299.9419122871,53299.9419122871,"Burien","53033028000",20,"point population",2023-03-15
"53033028402",20,0.0153501765850539,92.5547371437574,53299.9419122871,53299.9419122871,"Burien","53033028402",20,"point population",2023-03-15
"53033028500",20,0.997201739333425,4715.28344533453,53299.9419122871,53299.9419122871,"Burien","53033028500",20,"point population",2023-03-15
"53033028600",20,0.0460485115302009,306.654566652461,53299.9419122871,53299.9419122871,"Burien","53033028600",20,"point population",2023-03-15
"53033026200",21,0.997828211560742,7042.16165213216,22471.7517844369,22471.7517844369,"Tukwila","53033026200",21,"point population",2023-03-15
"53033026300",21,1,1785.54267967514,22471.7517844369,22471.7517844369,"Tukwila","53033026300",21,"point population",2023-03-15
"53033027100",21,0.0784828408335656,300.162163488536,22471.7517844369,22471.7517844369,"Tukwila","53033027100",21,"point population",2023-03-15
"53033027200",21,1,3018.82190129294,22471.7517844369,22471.7517844369,"Tukwila","53033027200",21,"point population",2023-03-15
"53033027300",21,0.514802277799665,3502.35055669796,22471.7517844369,22471.7517844369,"Tukwila","53033027300",21,"point population",2023-03-15
"53033028100",21,0.0986340635158184,293.972295627296,22471.7517844369,22471.7517844369,"Tukwila","53033028100",21,"point population",2023-03-15
"53033028200",21,1,5350.1401964412,22471.7517844369,22471.7517844369,"Tukwila","53033028200",21,"point population",2023-03-15
"53033028300",21,0.187005870111912,1178.60033908205,22471.7517844369,22471.7517844369,"Tukwila","53033028300",21,"point population",2023-03-15
"53033024702",22,0.50915600307603,3988.67507072636,27396.2765381065,27396.2765381065,"Newcastle and Four Creeks","53033024702",22,"point population",2023-03-15
"53033025001",22,0.542332019464778,3043.00352197892,27396.2765381065,27396.2765381065,"Newcastle and Four Creeks","53033025001",22,"point population",2023-03-15
"53033025003",22,0.00879514688142989,66.1978448630637,27396.2765381065,27396.2765381065,"Newcastle and Four Creeks","53033025003",22,"point population",2023-03-15
"53033025005",22,1,6783.614470566,27396.2765381065,27396.2765381065,"Newcastle and Four Creeks","53033025005",22,"point population",2023-03-15
"53033025006",22,0.118231529168646,793.809989441422,27396.2765381065,27396.2765381065,"Newcastle and Four Creeks","53033025006",22,"point population",2023-03-15
"53033025101",22,0.0131485592372531,79.7188541350484,27396.2765381065,27396.2765381065,"Newcastle and Four Creeks","53033025101",22,"point population",2023-03-15
"53033025102",22,0.155326727641945,1479.24046534589,27396.2765381065,27396.2765381065,"Newcastle and Four Creeks","53033025102",22,"point population",2023-03-15
"53033025200",22,0.063551498137295,554.779457140086,27396.2765381065,27396.2765381065,"Newcastle and Four Creeks","53033025200",22,"point population",2023-03-15
"53033031903",22,0.159469795094674,1226.59683034308,27396.2765381065,27396.2765381065,"Newcastle and Four Creeks","53033031903",22,"point population",2023-03-15
"53033031904",22,0.923018229705666,3226.98429282016,27396.2765381065,27396.2765381065,"Newcastle and Four Creeks","53033031904",22,"point population",2023-03-15
"53033032002",22,0.181818181818182,553.984804371646,27396.2765381065,27396.2765381065,"Newcastle and Four Creeks","53033032002",22,"point population",2023-03-15
"53033032102",22,0.882704524341355,4277.83381456226,27396.2765381065,27396.2765381065,"Newcastle and Four Creeks","53033032102",22,"point population",2023-03-15
"53033032104",22,0.206057936178106,1321.83712181257,27396.2765381065,27396.2765381065,"Newcastle and Four Creeks","53033032104",22,"point population",2023-03-15
"53033024702",23,0.141523139885384,1108.67753022929,65175.3346666467,65175.3346666467,"Renton - North","53033024702",23,"point population",2023-03-15
"53033025101",23,0.986851440762747,5983.21569987945,65175.3346666467,65175.3346666467,"Renton - North","53033025101",23,"point population",2023-03-15
"53033025102",23,0.844673272358057,8044.17181406425,65175.3346666467,65175.3346666467,"Renton - North","53033025102",23,"point population",2023-03-15
"53033025200",23,0.936448501862706,8174.82524771763,65175.3346666467,65175.3346666467,"Renton - North","53033025200",23,"point population",2023-03-15
"53033025301",23,1,6892.22968532021,65175.3346666467,65175.3346666467,"Renton - North","53033025301",23,"point population",2023-03-15
"53033025302",23,0.883985725582046,4716.07613769043,65175.3346666467,65175.3346666467,"Renton - North","53033025302",23,"point population",2023-03-15
"53033025400",23,1,8035.7357183839,65175.3346666467,65175.3346666467,"Renton - North","53033025400",23,"point population",2023-03-15
"53033025500",23,1,5349.51162487679,65175.3346666467,65175.3346666467,"Renton - North","53033025500",23,"point population",2023-03-15
"53033025601",23,1,5589.43108908053,65175.3346666467,65175.3346666467,"Renton - North","53033025601",23,"point population",2023-03-15
"53033025602",23,0.658152506547295,4683.1929318215,65175.3346666467,65175.3346666467,"Renton - North","53033025602",23,"point population",2023-03-15
"53033025701",23,0.264901684833208,1701.97207960764,65175.3346666467,65175.3346666467,"Renton - North","53033025701",23,"point population",2023-03-15
"53033025702",23,0.364517189705139,1407.78800679247,65175.3346666467,65175.3346666467,"Renton - North","53033025702",23,"point population",2023-03-15
"53033026002",23,0.0231779802590899,201.043715921707,65175.3346666467,65175.3346666467,"Renton - North","53033026002",23,"point population",2023-03-15
"53033026200",23,0.00162884132944345,11.4955298063513,65175.3346666467,65175.3346666467,"Renton - North","53033026200",23,"point population",2023-03-15
"53033031903",23,0.247392952686147,1902.87703971708,65175.3346666467,65175.3346666467,"Renton - North","53033031903",23,"point population",2023-03-15
"53033031907",23,0.178732999654245,1373.09081573828,65175.3346666467,65175.3346666467,"Renton - North","53033031907",23,"point population",2023-03-15
"53033025302",24,0.116014274417956,618.937767183673,17641.0480447944,17641.0480447944,"Skyway","53033025302",24,"point population",2023-03-15
"53033026001",24,0.981886985866122,5684.04419201683,17641.0480447944,17641.0480447944,"Skyway","53033026001",24,"point population",2023-03-15
"53033026002",24,0.419912369478727,3642.28212198877,17641.0480447944,17641.0480447944,"Skyway","53033026002",24,"point population",2023-03-15
"53033026100",24,0.955315584725332,7695.78396360612,17641.0480447944,17641.0480447944,"Skyway","53033026100",24,"point population",2023-03-15
"53033032602",25,0.895438427668548,13435.7721787391,22921.4721455397,22921.4721455397,"Snoqualmie and North Bend","53033032602",25,"point population",2023-03-15
"53033032702",25,0.190780074930515,1296.90708138432,22921.4721455397,22921.4721455397,"Snoqualmie and North Bend","53033032702",25,"point population",2023-03-15
"53033032703",25,0.655891760239536,1301.31133931086,22921.4721455397,22921.4721455397,"Snoqualmie and North Bend","53033032703",25,"point population",2023-03-15
"53033032704",25,0.859461625331564,6887.48154610552,22921.4721455397,22921.4721455397,"Snoqualmie and North Bend","53033032704",25,"point population",2023-03-15
"53033011200",26,0.0111942324284195,43.7697430069707,20949.4043521256,20949.4043521256,"North Highline and White Center","53033011200",26,"point population",2023-03-15
"53033026400",26,0.647436493094939,3946.90578849866,20949.4043521256,20949.4043521256,"North Highline and White Center","53033026400",26,"point population",2023-03-15
"53033026500",26,0.978546938608584,4501.98230665932,20949.4043521256,20949.4043521256,"North Highline and White Center","53033026500",26,"point population",2023-03-15
"53033026600",26,1,2489.83540437221,20949.4043521256,20949.4043521256,"North Highline and White Center","53033026600",26,"point population",2023-03-15
"53033026700",26,0.281040208151212,1648.07602114643,20949.4043521256,20949.4043521256,"North Highline and White Center","53033026700",26,"point population",2023-03-15
"53033026801",26,1,6794.36320531231,20949.4043521256,20949.4043521256,"North Highline and White Center","53033026801",26,"point population",2023-03-15
"53033026802",26,0.177780985552197,1127.6466561137,20949.4043521256,20949.4043521256,"North Highline and White Center","53033026802",26,"point population",2023-03-15
"53033027000",26,0.112211751798592,396.82522701561,20949.4043521256,20949.4043521256,"North Highline and White Center","53033027000",26,"point population",2023-03-15
"53033010701",27,1,4147.30519086574,33834.9726233142,33834.9726233142,"Seattle - Delridge","53033010701",27,"point population",2023-03-15
"53033010702",27,1,4572.99241828518,33834.9726233142,33834.9726233142,"Seattle - Delridge","53033010702",27,"point population",2023-03-15
"53033010800",27,1,5095.85630664297,33834.9726233142,33834.9726233142,"Seattle - Delridge","53033010800",27,"point population",2023-03-15
"53033011300",27,1,6649.96905106338,33834.9726233142,33834.9726233142,"Seattle - Delridge","53033011300",27,"point population",2023-03-15
"53033011401",27,1,4236.62128161341,33834.9726233142,33834.9726233142,"Seattle - Delridge","53033011401",27,"point population",2023-03-15
"53033011402",27,1,4491.21008404372,33834.9726233142,33834.9726233142,"Seattle - Delridge","53033011402",27,"point population",2023-03-15
"53033011500",27,1,4542.31959889426,33834.9726233142,33834.9726233142,"Seattle - Delridge","53033011500",27,"point population",2023-03-15
"53033026500",27,0.0214530613914151,98.6986919045069,33834.9726233142,33834.9726233142,"Seattle - Delridge","53033026500",27,"point population",2023-03-15
"53033023404",28,1,3445.53586239794,40932.4853904089,40932.4853904089,"Issaquah","53033023404",28,"point population",2023-03-15
"53033025003",28,0.217267141862516,1635.29009176909,40932.4853904089,40932.4853904089,"Issaquah","53033025003",28,"point population",2023-03-15
"53033025006",28,0.645912242747178,4336.6739329224,40932.4853904089,40932.4853904089,"Issaquah","53033025006",28,"point population",2023-03-15
"53033032102",28,0.0175067874117388,84.8428042556714,40932.4853904089,40932.4853904089,"Issaquah","53033032102",28,"point population",2023-03-15
"53033032103",28,1,6369.64729205454,40932.4853904089,40932.4853904089,"Issaquah","53033032103",28,"point population",2023-03-15
"53033032104",28,0.793942063821907,5093.04379143729,40932.4853904089,40932.4853904089,"Issaquah","53033032104",28,"point population",2023-03-15
"53033032208",28,0.630775994289218,6589.61922751829,40932.4853904089,40932.4853904089,"Issaquah","53033032208",28,"point population",2023-03-15
"53033032210",28,0.834038185663856,13377.8323880543,40932.4853904089,40932.4853904089,"Issaquah","53033032210",28,"point population",2023-03-15
"53033009500",29,1,7381.18108761217,57138.3220147556,57138.3220147556,"Seattle - Rainier Valley and Rainier Beach","53033009500",29,"point population",2023-03-15
"53033010100",29,1,8976.92791966944,57138.3220147556,57138.3220147556,"Seattle - Rainier Valley and Rainier Beach","53033010100",29,"point population",2023-03-15
"53033010200",29,1,5019.00678224166,57138.3220147556,57138.3220147556,"Seattle - Rainier Valley and Rainier Beach","53033010200",29,"point population",2023-03-15
"53033010300",29,1,8385.36262422751,57138.3220147556,57138.3220147556,"Seattle - Rainier Valley and Rainier Beach","53033010300",29,"point population",2023-03-15
"53033011101",29,1,6280.79599674431,57138.3220147556,57138.3220147556,"Seattle - Rainier Valley and Rainier Beach","53033011101",29,"point population",2023-03-15
"53033011102",29,1,4651.27730314784,57138.3220147556,57138.3220147556,"Seattle - Rainier Valley and Rainier Beach","53033011102",29,"point population",2023-03-15
"53033011800",29,1,8826.07232856506,57138.3220147556,57138.3220147556,"Seattle - Rainier Valley and Rainier Beach","53033011800",29,"point population",2023-03-15
"53033011900",29,1,7532.0978343817,57138.3220147556,57138.3220147556,"Seattle - Rainier Valley and Rainier Beach","53033011900",29,"point population",2023-03-15
"53033026001",29,0.0147869472540505,85.6001381695724,57138.3220147556,57138.3220147556,"Seattle - Rainier Valley and Rainier Beach","53033026001",29,"point population",2023-03-15
"53033009300",30,1,3637.59386831153,34785.9893137485,34785.9893137485,"Seattle - South Beacon Hill, Georgetown, and South Park","53033009300",30,"point population",2023-03-15
"53033010401",30,1,4607.16136807566,34785.9893137485,34785.9893137485,"Seattle - South Beacon Hill, Georgetown, and South Park","53033010401",30,"point population",2023-03-15
"53033010402",30,1,5154.57251558898,34785.9893137485,34785.9893137485,"Seattle - South Beacon Hill, Georgetown, and South Park","53033010402",30,"point population",2023-03-15
"53033010900",30,1,1573.92864510395,34785.9893137485,34785.9893137485,"Seattle - South Beacon Hill, Georgetown, and South Park","53033010900",30,"point population",2023-03-15
"53033011001",30,1,5333.98164316203,34785.9893137485,34785.9893137485,"Seattle - South Beacon Hill, Georgetown, and South Park","53033011001",30,"point population",2023-03-15
"53033011002",30,1,4781.73358041936,34785.9893137485,34785.9893137485,"Seattle - South Beacon Hill, Georgetown, and South Park","53033011002",30,"point population",2023-03-15
"53033011200",30,0.988805767571581,3866.25653944272,34785.9893137485,34785.9893137485,"Seattle - South Beacon Hill, Georgetown, and South Park","53033011200",30,"point population",2023-03-15
"53033011700",30,1,5830.76115364307,34785.9893137485,34785.9893137485,"Seattle - South Beacon Hill, Georgetown, and South Park","53033011700",30,"point population",2023-03-15
"53033024701",31,1,4122.44318482813,33708.2543994759,33708.2543994759,"Bellevue - South","53033024701",31,"point population",2023-03-15
"53033024702",31,0.349320857038586,2736.54319253212,33708.2543994759,33708.2543994759,"Bellevue - South","53033024702",31,"point population",2023-03-15
"53033024901",31,1,5533.34506127787,33708.2543994759,33708.2543994759,"Bellevue - South","53033024901",31,"point population",2023-03-15
"53033024902",31,1,4232.68878448571,33708.2543994759,33708.2543994759,"Bellevue - South","53033024902",31,"point population",2023-03-15
"53033024903",31,1,7106.58622456439,33708.2543994759,33708.2543994759,"Bellevue - South","53033024903",31,"point population",2023-03-15
"53033025001",31,0.457667980535219,2567.95694644782,33708.2543994759,33708.2543994759,"Bellevue - South","53033025001",31,"point population",2023-03-15
"53033025003",31,0.77393771125607,5825.14530275526,33708.2543994759,33708.2543994759,"Bellevue - South","53033025003",31,"point population",2023-03-15
"53033025006",31,0.23585622808417,1583.54570258606,33708.2543994759,33708.2543994759,"Bellevue - South","53033025006",31,"point population",2023-03-15
"53033009600",32,1,5949.23450106951,63420.8425096879,63420.8425096879,"Seattle - West Seattle","53033009600",32,"point population",2023-03-15
"53033009701",32,1,5928.07772555063,63420.8425096879,63420.8425096879,"Seattle - West Seattle","53033009701",32,"point population",2023-03-15
"53033009702",32,1,5850.12168250477,63420.8425096879,63420.8425096879,"Seattle - West Seattle","53033009702",32,"point population",2023-03-15
"53033009800",32,1,7456.63651313274,63420.8425096879,63420.8425096879,"Seattle - West Seattle","53033009800",32,"point population",2023-03-15
"53033009900",32,1,6408.5057122577,63420.8425096879,63420.8425096879,"Seattle - West Seattle","53033009900",32,"point population",2023-03-15
"53033010500",32,1,10571.9559930148,63420.8425096879,63420.8425096879,"Seattle - West Seattle","53033010500",32,"point population",2023-03-15
"53033010600",32,1,8153.53732976793,63420.8425096879,63420.8425096879,"Seattle - West Seattle","53033010600",32,"point population",2023-03-15
"53033011600",32,1,6793.791935,63420.8425096879,63420.8425096879,"Seattle - West Seattle","53033011600",32,"point population",2023-03-15
"53033012000",32,1,3540.96066360156,63420.8425096879,63420.8425096879,"Seattle - West Seattle","53033012000",32,"point population",2023-03-15
"53033012100",32,1,2768.02045379378,63420.8425096879,63420.8425096879,"Seattle - West Seattle","53033012100",32,"point population",2023-03-15
"53033023900",33,0.0410301439334214,315.508356022149,33837.8129022423,33837.8129022423,"Mercer Island and Point Cities","53033023900",33,"point population",2023-03-15
"53033024000",33,0.00207399517711846,19.1681135603433,33837.8129022423,33837.8129022423,"Mercer Island and Point Cities","53033024000",33,"point population",2023-03-15
"53033024100",33,1,4722.24022995148,33837.8129022423,33837.8129022423,"Mercer Island and Point Cities","53033024100",33,"point population",2023-03-15
"53033024200",33,1,2916.20714644279,33837.8129022423,33837.8129022423,"Mercer Island and Point Cities","53033024200",33,"point population",2023-03-15
"53033024300",33,1,9178.60064779229,33837.8129022423,33837.8129022423,"Mercer Island and Point Cities","53033024300",33,"point population",2023-03-15
"53033024400",33,1,3055.01785171454,33837.8129022423,33837.8129022423,"Mercer Island and Point Cities","53033024400",33,"point population",2023-03-15
"53033024500",33,1,5236.39668671151,33837.8129022423,33837.8129022423,"Mercer Island and Point Cities","53033024500",33,"point population",2023-03-15
"53033024601",33,1,4651.17392757466,33837.8129022423,33837.8129022423,"Mercer Island and Point Cities","53033024601",33,"point population",2023-03-15
"53033024602",33,1,3743.49994247226,33837.8129022423,33837.8129022423,"Mercer Island and Point Cities","53033024602",33,"point population",2023-03-15
"53033007700",34,1,5490.35957856211,50775.7895549349,50775.7895549349,"Seattle - Central District, Chinatown-International District, Judkins, and North Beacon Hill","53033007700",34,"point population",2023-03-15
"53033007900",34,1,6558.65880314475,50775.7895549349,50775.7895549349,"Seattle - Central District, Chinatown-International District, Judkins, and North Beacon Hill","53033007900",34,"point population",2023-03-15
"53033008700",34,1,4394.17425261222,50775.7895549349,50775.7895549349,"Seattle - Central District, Chinatown-International District, Judkins, and North Beacon Hill","53033008700",34,"point population",2023-03-15
"53033008800",34,1,3909.88808642548,50775.7895549349,50775.7895549349,"Seattle - Central District, Chinatown-International District, Judkins, and North Beacon Hill","53033008800",34,"point population",2023-03-15
"53033009000",34,1,4243.82244466421,50775.7895549349,50775.7895549349,"Seattle - Central District, Chinatown-International District, Judkins, and North Beacon Hill","53033009000",34,"point population",2023-03-15
"53033009100",34,1,5248.43461558215,50775.7895549349,50775.7895549349,"Seattle - Central District, Chinatown-International District, Judkins, and North Beacon Hill","53033009100",34,"point population",2023-03-15
"53033009200",34,1,3924.96498552872,50775.7895549349,50775.7895549349,"Seattle - Central District, Chinatown-International District, Judkins, and North Beacon Hill","53033009200",34,"point population",2023-03-15
"53033009400",34,1,7088.46540262653,50775.7895549349,50775.7895549349,"Seattle - Central District, Chinatown-International District, Judkins, and North Beacon Hill","53033009400",34,"point population",2023-03-15
"53033010001",34,1,4573.01194589855,50775.7895549349,50775.7895549349,"Seattle - Central District, Chinatown-International District, Judkins, and North Beacon Hill","53033010001",34,"point population",2023-03-15
"53033010002",34,1,5344.0094398933,50775.7895549349,50775.7895549349,"Seattle - Central District, Chinatown-International District, Judkins, and North Beacon Hill","53033010002",34,"point population",2023-03-15
"53033023500",35,1,4147.69536599831,39938.8996987209,39938.8996987209,"Bellevue - West","53033023500",35,"point population",2023-03-15
"53033023801",35,1,4094.46329306838,39938.8996987209,39938.8996987209,"Bellevue - West","53033023801",35,"point population",2023-03-15
"53033023803",35,1,6314.05020420324,39938.8996987209,39938.8996987209,"Bellevue - West","53033023803",35,"point population",2023-03-15
"53033023804",35,1,8785.57452830452,39938.8996987209,39938.8996987209,"Bellevue - West","53033023804",35,"point population",2023-03-15
"53033023900",35,0.95896985606658,7374.16381607935,39938.8996987209,39938.8996987209,"Bellevue - West","53033023900",35,"point population",2023-03-15
"53033024000",35,0.997926004822881,9222.95249106655,39938.8996987209,39938.8996987209,"Bellevue - West","53033024000",35,"point population",2023-03-15
"53033023201",36,1,7025.30918517683,40732.1475155672,40732.1475155672,"Bellevue - Central","53033023201",36,"point population",2023-03-15
"53033023202",36,1,5019.08159690798,40732.1475155672,40732.1475155672,"Bellevue - Central","53033023202",36,"point population",2023-03-15
"53033023401",36,1,4280.48538122962,40732.1475155672,40732.1475155672,"Bellevue - Central","53033023401",36,"point population",2023-03-15
"53033023601",36,1,4473.32361233997,40732.1475155672,40732.1475155672,"Bellevue - Central","53033023601",36,"point population",2023-03-15
"53033023603",36,1,6850.85064156914,40732.1475155672,40732.1475155672,"Bellevue - Central","53033023603",36,"point population",2023-03-15
"53033023604",36,1,6668.82447780813,40732.1475155672,40732.1475155672,"Bellevue - Central","53033023604",36,"point population",2023-03-15
"53033024800",36,1,6414.27262053578,40732.1475155672,40732.1475155672,"Bellevue - Central","53033024800",36,"point population",2023-03-15
"53033032203",37,1,9289.42616265059,68208.3993583749,68208.3993583749,"Sammamish","53033032203",37,"point population",2023-03-15
"53033032207",37,1,3747.44925321427,68208.3993583749,68208.3993583749,"Sammamish","53033032207",37,"point population",2023-03-15
"53033032208",37,0.369224005710776,3857.22606649719,68208.3993583749,68208.3993583749,"Sammamish","53033032208",37,"point population",2023-03-15
"53033032210",37,0.03522708420021,565.036512776908,68208.3993583749,68208.3993583749,"Sammamish","53033032210",37,"point population",2023-03-15
"53033032211",37,1,5419.01719364919,68208.3993583749,68208.3993583749,"Sammamish","53033032211",37,"point population",2023-03-15
"53033032212",37,1,8687.35849029624,68208.3993583749,68208.3993583749,"Sammamish","53033032212",37,"point population",2023-03-15
"53033032213",37,0.989480310986789,4549.10543439918,68208.3993583749,68208.3993583749,"Sammamish","53033032213",37,"point population",2023-03-15
"53033032214",37,0.99355666127086,7844.4873227777,68208.3993583749,68208.3993583749,"Sammamish","53033032214",37,"point population",2023-03-15
"53033032215",37,0.788965277081285,4687.78924848578,68208.3993583749,68208.3993583749,"Sammamish","53033032215",37,"point population",2023-03-15
"53033032316",37,0.990419602852955,5897.08352493624,68208.3993583749,68208.3993583749,"Sammamish","53033032316",37,"point population",2023-03-15
"53033032317",37,1,6638.02940633158,68208.3993583749,68208.3993583749,"Sammamish","53033032317",37,"point population",2023-03-15
"53033032318",37,0.978873927433502,7026.39074235907,68208.3993583749,68208.3993583749,"Sammamish","53033032318",37,"point population",2023-03-15
"53033032102",38,0.0997886882469109,483.603984257326,36341.3043745782,36341.3043745782,"Duvall, Carnation, Skykomish, and Northeast King County","53033032102",38,"point population",2023-03-15
"53033032210",38,0.1307347301359,2096.9631092652,36341.3043745782,36341.3043745782,"Duvall, Carnation, Skykomish, and Northeast King County","53033032210",38,"point population",2023-03-15
"53033032213",38,0.0105196890132111,48.3639481522,36341.3043745782,36341.3043745782,"Duvall, Carnation, Skykomish, and Northeast King County","53033032213",38,"point population",2023-03-15
"53033032311",38,0.00911429643389567,52.5595622795073,36341.3043745782,36341.3043745782,"Duvall, Carnation, Skykomish, and Northeast King County","53033032311",38,"point population",2023-03-15
"53033032315",38,0.113172478536179,629.754612430362,36341.3043745782,36341.3043745782,"Duvall, Carnation, Skykomish, and Northeast King County","53033032315",38,"point population",2023-03-15
"53033032327",38,0.00638377769432967,26.3138846881846,36341.3043745782,36341.3043745782,"Duvall, Carnation, Skykomish, and Northeast King County","53033032327",38,"point population",2023-03-15
"53033032401",38,1,6814.19280646928,36341.3043745782,36341.3043745782,"Duvall, Carnation, Skykomish, and Northeast King County","53033032401",38,"point population",2023-03-15
"53033032402",38,1,6928.88916969495,36341.3043745782,36341.3043745782,"Duvall, Carnation, Skykomish, and Northeast King County","53033032402",38,"point population",2023-03-15
"53033032500",38,0.804462659337074,4670.7342477791,36341.3043745782,36341.3043745782,"Duvall, Carnation, Skykomish, and Northeast King County","53033032500",38,"point population",2023-03-15
"53033032601",38,1,2841.87035912028,36341.3043745782,36341.3043745782,"Duvall, Carnation, Skykomish, and Northeast King County","53033032601",38,"point population",2023-03-15
"53033032602",38,0.104561572331439,1568.91353005009,36341.3043745782,36341.3043745782,"Duvall, Carnation, Skykomish, and Northeast King County","53033032602",38,"point population",2023-03-15
"53033032702",38,0.809219925069459,5501.00974434623,36341.3043745782,36341.3043745782,"Duvall, Carnation, Skykomish, and Northeast King County","53033032702",38,"point population",2023-03-15
"53033032703",38,0.344108239760468,682.722335446114,36341.3043745782,36341.3043745782,"Duvall, Carnation, Skykomish, and Northeast King County","53033032703",38,"point population",2023-03-15
"53033032704",38,0.140538374668439,1126.23464913296,36341.3043745782,36341.3043745782,"Duvall, Carnation, Skykomish, and Northeast King County","53033032704",38,"point population",2023-03-15
"53033032800",38,1,2869.17843146466,36341.3043745782,36341.3043745782,"Duvall, Carnation, Skykomish, and Northeast King County","53033032800",38,"point population",2023-03-15
"53033008001",39,1,7611.6556010597,39099.8193698697,39099.8193698697,"Seattle - Downtown, Belltown, and First Hill","53033008001",39,"point population",2023-03-15
"53033008002",39,1,4391.64795658685,39099.8193698697,39099.8193698697,"Seattle - Downtown, Belltown, and First Hill","53033008002",39,"point population",2023-03-15
"53033008100",39,1,5729.93824330692,39099.8193698697,39099.8193698697,"Seattle - Downtown, Belltown, and First Hill","53033008100",39,"point population",2023-03-15
"53033008200",39,1,5711.46704549088,39099.8193698697,39099.8193698697,"Seattle - Downtown, Belltown, and First Hill","53033008200",39,"point population",2023-03-15
"53033008300",39,1,3426.41262973938,39099.8193698697,39099.8193698697,"Seattle - Downtown, Belltown, and First Hill","53033008300",39,"point population",2023-03-15
"53033008500",39,1,4415.9549652258,39099.8193698697,39099.8193698697,"Seattle - Downtown, Belltown, and First Hill","53033008500",39,"point population",2023-03-15
"53033008600",39,1,7812.74292846042,39099.8193698697,39099.8193698697,"Seattle - Downtown, Belltown, and First Hill","53033008600",39,"point population",2023-03-15
"53033022703",40,0.00379527908798612,10.1301825926891,40653.0838404711,40653.0838404711,"Bellevue - Northeast","53033022703",40,"point population",2023-03-15
"53033022801",40,1,9303.15322254475,40653.0838404711,40653.0838404711,"Bellevue - Northeast","53033022801",40,"point population",2023-03-15
"53033022901",40,1,3014.55472512072,40653.0838404711,40653.0838404711,"Bellevue - Northeast","53033022901",40,"point population",2023-03-15
"53033023000",40,1,7293.65586306574,40653.0838404711,40653.0838404711,"Bellevue - Northeast","53033023000",40,"point population",2023-03-15
"53033023100",40,1,4201.35704512012,40653.0838404711,40653.0838404711,"Bellevue - Northeast","53033023100",40,"point population",2023-03-15
"53033023300",40,1,6923.53878379054,40653.0838404711,40653.0838404711,"Bellevue - Northeast","53033023300",40,"point population",2023-03-15
"53033023403",40,1,4421.13056410243,40653.0838404711,40653.0838404711,"Bellevue - Northeast","53033023403",40,"point population",2023-03-15
"53033023700",40,1,5485.56345413252,40653.0838404711,40653.0838404711,"Bellevue - Northeast","53033023700",40,"point population",2023-03-15
"53033006100",41,1,5678.32962668394,26198.9540450208,26198.9540450208,"Montlake, Madison Park, and Madrona","53033006100",41,"point population",2023-03-15
"53033006200",41,1,4043.82139947395,26198.9540450208,26198.9540450208,"Montlake, Madison Park, and Madrona","53033006200",41,"point population",2023-03-15
"53033006300",41,1,5439.64489254835,26198.9540450208,26198.9540450208,"Montlake, Madison Park, and Madrona","53033006300",41,"point population",2023-03-15
"53033007800",41,1,5303.54450924623,26198.9540450208,26198.9540450208,"Montlake, Madison Park, and Madrona","53033007800",41,"point population",2023-03-15
"53033008900",41,1,5733.61361706734,26198.9540450208,26198.9540450208,"Montlake, Madison Park, and Madrona","53033008900",41,"point population",2023-03-15
"53033006400",42,1,3367.4216365825,41253.600100309,41253.600100309,"Seattle - Capitol Hill","53033006400",42,"point population",2023-03-15
"53033006500",42,1,4735.5251510577,41253.600100309,41253.600100309,"Seattle - Capitol Hill","53033006500",42,"point population",2023-03-15
"53033007401",42,1,5368.62805842354,41253.600100309,41253.600100309,"Seattle - Capitol Hill","53033007401",42,"point population",2023-03-15
"53033007402",42,1,5805.87514670885,41253.600100309,41253.600100309,"Seattle - Capitol Hill","53033007402",42,"point population",2023-03-15
"53033007500",42,1,10141.414556615,41253.600100309,41253.600100309,"Seattle - Capitol Hill","53033007500",42,"point population",2023-03-15
"53033007600",42,1,4371.52339792948,41253.600100309,41253.600100309,"Seattle - Capitol Hill","53033007600",42,"point population",2023-03-15
"53033008400",42,1,7463.21215299212,41253.600100309,41253.600100309,"Seattle - Capitol Hill","53033008400",42,"point population",2023-03-15
"53033006600",43,1,4177.25039230418,30615.8492616389,30615.8492616389,"Seattle - South Lake Union, Cascade, and Eastlake","53033006600",43,"point population",2023-03-15
"53033007200",43,1,12420.6999067913,30615.8492616389,30615.8492616389,"Seattle - South Lake Union, Cascade, and Eastlake","53033007200",43,"point population",2023-03-15
"53033007300",43,1,14017.8989625432,30615.8492616389,30615.8492616389,"Seattle - South Lake Union, Cascade, and Eastlake","53033007300",43,"point population",2023-03-15
"53033005900",44,1,7675.11606439746,46860.0736344962,46860.0736344962,"Seattle - Queen Anne","53033005900",44,"point population",2023-03-15
"53033006000",44,1,6120.90629223291,46860.0736344962,46860.0736344962,"Seattle - Queen Anne","53033006000",44,"point population",2023-03-15
"53033006700",44,1,10612.2103348422,46860.0736344962,46860.0736344962,"Seattle - Queen Anne","53033006700",44,"point population",2023-03-15
"53033006800",44,1,3327.35187710213,46860.0736344962,46860.0736344962,"Seattle - Queen Anne","53033006800",44,"point population",2023-03-15
"53033006900",44,1,4736.58635894772,46860.0736344962,46860.0736344962,"Seattle - Queen Anne","53033006900",44,"point population",2023-03-15
"53033007000",44,1,7939.96952045678,46860.0736344962,46860.0736344962,"Seattle - Queen Anne","53033007000",44,"point population",2023-03-15
"53033007100",44,1,6447.93318651627,46860.0736344962,46860.0736344962,"Seattle - Queen Anne","53033007100",44,"point population",2023-03-15
"53033005600",45,1,7077.64937476614,26346.3593688595,26346.3593688595,"Magnolia and Interbay","53033005600",45,"point population",2023-03-15
"53033005700",45,1,6705.22117540616,26346.3593688595,26346.3593688595,"Magnolia and Interbay","53033005700",45,"point population",2023-03-15
"53033005801",45,1,6144.81501181148,26346.3593688595,26346.3593688595,"Magnolia and Interbay","53033005801",45,"point population",2023-03-15
"53033005802",45,1,6418.67380687502,26346.3593688595,26346.3593688595,"Magnolia and Interbay","53033005802",45,"point population",2023-03-15
"53033004500",46,1,2926.11624964531,39355.9260671218,39355.9260671218,"Fremont and Wallingford","53033004500",46,"point population",2023-03-15
"53033004800",46,1,5153.94820224734,39355.9260671218,39355.9260671218,"Fremont and Wallingford","53033004800",46,"point population",2023-03-15
"53033004900",46,1,7189.88279577176,39355.9260671218,39355.9260671218,"Fremont and Wallingford","53033004900",46,"point population",2023-03-15
"53033005000",46,1,5046.33817454133,39355.9260671218,39355.9260671218,"Fremont and Wallingford","53033005000",46,"point population",2023-03-15
"53033005100",46,1,4028.93164216902,39355.9260671218,39355.9260671218,"Fremont and Wallingford","53033005100",46,"point population",2023-03-15
"53033005200",46,1,7561.83132106743,39355.9260671218,39355.9260671218,"Fremont and Wallingford","53033005200",46,"point population",2023-03-15
"53033005400",46,1,7448.87768167948,39355.9260671218,39355.9260671218,"Fremont and Wallingford","53033005400",46,"point population",2023-03-15
"53033004400",47,1,7409.94071185426,26579.115743271,26579.115743271,"Seattle - University District","53033004400",47,"point population",2023-03-15
"53033005301",47,1,9476.80406465076,26579.115743271,26579.115743271,"Seattle - University District","53033005301",47,"point population",2023-03-15
"53033005302",47,1,9692.370966766,26579.115743271,26579.115743271,"Seattle - University District","53033005302",47,"point population",2023-03-15
"53033022605",48,0.769288309175852,4877.89238860916,38353.8935243208,38353.8935243208,"Redmond - South","53033022605",48,"point population",2023-03-15
"53033022606",48,0.969850134208965,5864.08550607155,38353.8935243208,38353.8935243208,"Redmond - South","53033022606",48,"point population",2023-03-15
"53033022802",48,1,5580.51099165102,38353.8935243208,38353.8935243208,"Redmond - South","53033022802",48,"point population",2023-03-15
"53033022803",48,1,8790.0846104025,38353.8935243208,38353.8935243208,"Redmond - South","53033022803",48,"point population",2023-03-15
"53033022902",48,1,6843.24008446958,38353.8935243208,38353.8935243208,"Redmond - South","53033022902",48,"point population",2023-03-15
"53033032313",48,0.818318980397388,6398.0799431165,38353.8935243208,38353.8935243208,"Redmond - South","53033032313",48,"point population",2023-03-15
"53033000900",49,0.00921317740818084,19.1530311457656,28042.6560886291,28042.6560886291,"Seattle - Laurelhurst, Sand Point, and Wedgwood","53033000900",49,"point population",2023-03-15
"53033002100",49,1,4465.44017274377,28042.6560886291,28042.6560886291,"Seattle - Laurelhurst, Sand Point, and Wedgwood","53033002100",49,"point population",2023-03-15
"53033002200",49,1,5855.36595678486,28042.6560886291,28042.6560886291,"Seattle - Laurelhurst, Sand Point, and Wedgwood","53033002200",49,"point population",2023-03-15
"53033002400",49,1,3238.39466753014,28042.6560886291,28042.6560886291,"Seattle - Laurelhurst, Sand Point, and Wedgwood","53033002400",49,"point population",2023-03-15
"53033003900",49,1,3024.64871862018,28042.6560886291,28042.6560886291,"Seattle - Laurelhurst, Sand Point, and Wedgwood","53033003900",49,"point population",2023-03-15
"53033004000",49,1,3923.58649649828,28042.6560886291,28042.6560886291,"Seattle - Laurelhurst, Sand Point, and Wedgwood","53033004000",49,"point population",2023-03-15
"53033004100",49,1,7516.0670453061,28042.6560886291,28042.6560886291,"Seattle - Laurelhurst, Sand Point, and Wedgwood","53033004100",49,"point population",2023-03-15
"53033002500",50,1,3135.20893929217,28182.6162886885,28182.6162886885,"Seattle - Ravenna and Bryant","53033002500",50,"point population",2023-03-15
"53033002600",50,1,5301.63538452015,28182.6162886885,28182.6162886885,"Seattle - Ravenna and Bryant","53033002600",50,"point population",2023-03-15
"53033003800",50,1,2459.96141048755,28182.6162886885,28182.6162886885,"Seattle - Ravenna and Bryant","53033003800",50,"point population",2023-03-15
"53033004200",50,1,8688.65549616145,28182.6162886885,28182.6162886885,"Seattle - Ravenna and Bryant","53033004200",50,"point population",2023-03-15
"53033004301",50,1,4487.46899398839,28182.6162886885,28182.6162886885,"Seattle - Ravenna and Bryant","53033004301",50,"point population",2023-03-15
"53033004302",50,1,4109.68606423834,28182.6162886885,28182.6162886885,"Seattle - Ravenna and Bryant","53033004302",50,"point population",2023-03-15
"53033022005",51,1,5280.45569861981,56655.1083050898,56655.1083050898,"Kirkland - South","53033022005",51,"point population",2023-03-15
"53033022006",51,1,4072.93865700735,56655.1083050898,56655.1083050898,"Kirkland - South","53033022006",51,"point population",2023-03-15
"53033022202",51,0.491000878983938,3869.90262885213,56655.1083050898,56655.1083050898,"Kirkland - South","53033022202",51,"point population",2023-03-15
"53033022203",51,0.0654629638886199,360.043231735064,56655.1083050898,56655.1083050898,"Kirkland - South","53033022203",51,"point population",2023-03-15
"53033022400",51,1,9845.91707207178,56655.1083050898,56655.1083050898,"Kirkland - South","53033022400",51,"point population",2023-03-15
"53033022500",51,1,9815.07272372013,56655.1083050898,56655.1083050898,"Kirkland - South","53033022500",51,"point population",2023-03-15
"53033022603",51,1,6508.89524209486,56655.1083050898,56655.1083050898,"Kirkland - South","53033022603",51,"point population",2023-03-15
"53033022604",51,1,5282.73384572903,56655.1083050898,56655.1083050898,"Kirkland - South","53033022604",51,"point population",2023-03-15
"53033022605",51,0.230711690824149,1462.89341357587,56655.1083050898,56655.1083050898,"Kirkland - South","53033022605",51,"point population",2023-03-15
"53033022606",51,0.0301498657910354,182.2976403869,56655.1083050898,56655.1083050898,"Kirkland - South","53033022606",51,"point population",2023-03-15
"53033022701",51,1,3252.73199026739,56655.1083050898,56655.1083050898,"Kirkland - South","53033022701",51,"point population",2023-03-15
"53033022702",51,1,4062.20280896995,56655.1083050898,56655.1083050898,"Kirkland - South","53033022702",51,"point population",2023-03-15
"53033022703",51,0.996204720912014,2659.02335205935,56655.1083050898,56655.1083050898,"Kirkland - South","53033022703",51,"point population",2023-03-15
"53033001701",52,1,4453.11898778437,45844.4192775398,45844.4192775398,"Green Lake and Phinney Ridge","53033001701",52,"point population",2023-03-15
"53033001702",52,1,5354.03256754993,45844.4192775398,45844.4192775398,"Green Lake and Phinney Ridge","53033001702",52,"point population",2023-03-15
"53033002700",52,1,5827.57495466956,45844.4192775398,45844.4192775398,"Green Lake and Phinney Ridge","53033002700",52,"point population",2023-03-15
"53033002800",52,1,4933.74776101029,45844.4192775398,45844.4192775398,"Green Lake and Phinney Ridge","53033002800",52,"point population",2023-03-15
"53033002900",52,1,5013.24767242382,45844.4192775398,45844.4192775398,"Green Lake and Phinney Ridge","53033002900",52,"point population",2023-03-15
"53033003400",52,1,3564.44907368869,45844.4192775398,45844.4192775398,"Green Lake and Phinney Ridge","53033003400",52,"point population",2023-03-15
"53033003500",52,1,4184.52535356804,45844.4192775398,45844.4192775398,"Green Lake and Phinney Ridge","53033003500",52,"point population",2023-03-15
"53033003600",52,1,8993.62087097506,45844.4192775398,45844.4192775398,"Green Lake and Phinney Ridge","53033003600",52,"point population",2023-03-15
"53033004600",52,1,3520.10203586882,45844.4192775398,45844.4192775398,"Green Lake and Phinney Ridge","53033004600",52,"point population",2023-03-15
"53033032309",53,1,11275.9797532648,36523.8594158685,36523.8594158685,"Redmond - North","53033032309",53,"point population",2023-03-15
"53033032313",53,0.0601364503108199,470.180731231523,36523.8594158685,36523.8594158685,"Redmond - North","53033032313",53,"point population",2023-03-15
"53033032321",53,0.606308577560764,4842.77417086724,36523.8594158685,36523.8594158685,"Redmond - North","53033032321",53,"point population",2023-03-15
"53033032323",53,1,6581.7235850096,36523.8594158685,36523.8594158685,"Redmond - North","53033032323",53,"point population",2023-03-15
"53033032324",53,1,5873.76670272042,36523.8594158685,36523.8594158685,"Redmond - North","53033032324",53,"point population",2023-03-15
"53033032325",53,1,7223.29816382255,36523.8594158685,36523.8594158685,"Redmond - North","53033032325",53,"point population",2023-03-15
"53033032326",53,0.0677911747142687,256.136308953342,36523.8594158685,36523.8594158685,"Redmond - North","53033032326",53,"point population",2023-03-15
"53033032214",54,0.00644333872914052,50.8724775821578,50866.3405037875,50910.862012439,"Bear Creek and Greater Sammamish","53033032214",54,"point population",2023-03-15
"53033032215",54,0.211034722918695,1253.903478256,50866.3405037875,50910.862012439,"Bear Creek and Greater Sammamish","53033032215",54,"point population",2023-03-15
"53033032307",54,1,6354.73088272113,50866.3405037875,50910.862012439,"Bear Creek and Greater Sammamish","53033032307",54,"point population",2023-03-15
"53033032311",54,0.990885703566104,5714.15678941173,50866.3405037875,50910.862012439,"Bear Creek and Greater Sammamish","53033032311",54,"point population",2023-03-15
"53033032313",54,0.121544569291788,950.304086314707,50866.3405037875,50910.862012439,"Bear Creek and Greater Sammamish","53033032313",54,"point population",2023-03-15
"53033032315",54,0.886827521463815,4934.80154623889,50866.3405037875,50910.862012439,"Bear Creek and Greater Sammamish","53033032315",54,"point population",2023-03-15
"53033032316",54,0.00958039714704523,57.0428957741202,50866.3405037875,50910.862012439,"Bear Creek and Greater Sammamish","53033032316",54,"point population",2023-03-15
"53033032318",54,0.0211260725664981,151.643676007228,50866.3405037875,50910.862012439,"Bear Creek and Greater Sammamish","53033032318",54,"point population",2023-03-15
"53033032319",54,0.00232729293045549,15.1137921985925,50866.3405037875,50910.862012439,"Bear Creek and Greater Sammamish","53033032319",54,"point population",2023-03-15
"53033032320",54,0.63784486512697,2830.64579491515,50866.3405037875,50910.862012439,"Bear Creek and Greater Sammamish","53033032320",54,"point population",2023-03-15
"53033032321",54,0.380993495452181,3043.11290872235,50866.3405037875,50910.862012439,"Bear Creek and Greater Sammamish","53033032321",54,"point population",2023-03-15
"53033032322",54,1,3323.6002748608,50866.3405037875,50910.862012439,"Bear Creek and Greater Sammamish","53033032322",54,"point population",2023-03-15
"53033032326",54,0.932208825285731,3522.17716670074,50866.3405037875,50910.862012439,"Bear Creek and Greater Sammamish","53033032326",54,"point population",2023-03-15
"53033032327",54,0.99361622230567,4095.67875793746,50866.3405037875,50910.862012439,"Bear Creek and Greater Sammamish","53033032327",54,"point population",2023-03-15
"53033032328",54,1,3308.02166945638,50866.3405037875,50910.862012439,"Bear Creek and Greater Sammamish","53033032328",54,"point population",2023-03-15
"53033032329",54,1,10125.2386616389,50866.3405037875,50910.862012439,"Bear Creek and Greater Sammamish","53033032329",54,"point population",2023-03-15
"53033032500",54,0.195537340662942,1135.29564505414,50866.3405037875,50910.862012439,"Bear Creek and Greater Sammamish","53033032500",54,"point population",2023-03-15
"53033001400",55,0.999335463867867,5341.85600529729,54859.1307367591,54859.1307367591,"Seattle - Ballard","53033001400",55,"point population",2023-03-15
"53033001500",55,1,2675.8264515194,54859.1307367591,54859.1307367591,"Seattle - Ballard","53033001500",55,"point population",2023-03-15
"53033001600",55,1,4518.01181761229,54859.1307367591,54859.1307367591,"Seattle - Ballard","53033001600",55,"point population",2023-03-15
"53033003000",55,1,6688.58722385131,54859.1307367591,54859.1307367591,"Seattle - Ballard","53033003000",55,"point population",2023-03-15
"53033003100",55,1,6496.06419443357,54859.1307367591,54859.1307367591,"Seattle - Ballard","53033003100",55,"point population",2023-03-15
"53033003200",55,1,9913.83029577477,54859.1307367591,54859.1307367591,"Seattle - Ballard","53033003200",55,"point population",2023-03-15
"53033003300",55,1,7921.24500162952,54859.1307367591,54859.1307367591,"Seattle - Ballard","53033003300",55,"point population",2023-03-15
"53033004700",55,1,11303.7097466388,54859.1307367591,54859.1307367591,"Seattle - Ballard","53033004700",55,"point population",2023-03-15
"53033000100",56,1,8305.0019514724,48540.161740736,48540.161740736,"Seattle - Northgate and Lake City","53033000100",56,"point population",2023-03-15
"53033000200",56,1,8478.26160670362,48540.161740736,48540.161740736,"Seattle - Northgate and Lake City","53033000200",56,"point population",2023-03-15
"53033000700",56,1,5227.61653814244,48540.161740736,48540.161740736,"Seattle - Northgate and Lake City","53033000700",56,"point population",2023-03-15
"53033000800",56,1,2680.56573030093,48540.161740736,48540.161740736,"Seattle - Northgate and Lake City","53033000800",56,"point population",2023-03-15
"53033000900",56,0.990786822591819,2059.72055363495,48540.161740736,48540.161740736,"Seattle - Northgate and Lake City","53033000900",56,"point population",2023-03-15
"53033001000",56,1,2035.5685487864,48540.161740736,48540.161740736,"Seattle - Northgate and Lake City","53033001000",56,"point population",2023-03-15
"53033001100",56,1,2690.62517930006,48540.161740736,48540.161740736,"Seattle - Northgate and Lake City","53033001100",56,"point population",2023-03-15
"53033001200",56,1,8379.10448190226,48540.161740736,48540.161740736,"Seattle - Northgate and Lake City","53033001200",56,"point population",2023-03-15
"53033001900",56,1,4959.48629250899,48540.161740736,48540.161740736,"Seattle - Northgate and Lake City","53033001900",56,"point population",2023-03-15
"53033002000",56,1,3721.82837444742,48540.161740736,48540.161740736,"Seattle - Northgate and Lake City","53033002000",56,"point population",2023-03-15
"53033021300",56,0.000593480230707753,2.38248353881219,48540.161740736,48540.161740736,"Seattle - Northgate and Lake City","53033021300",56,"point population",2023-03-15
"53033021903",57,1,6438.49512720261,37234.9218489687,37234.9218489687,"Kirkland - North","53033021903",57,"point population",2023-03-15
"53033021904",57,0.999566687612799,5797.31853232602,37234.9218489687,37234.9218489687,"Kirkland - North","53033021904",57,"point population",2023-03-15
"53033021905",57,0.346573129686733,1925.33222452049,37234.9218489687,37234.9218489687,"Kirkland - North","53033021905",57,"point population",2023-03-15
"53033021906",57,0.261526189579611,1216.12892034205,37234.9218489687,37234.9218489687,"Kirkland - North","53033021906",57,"point population",2023-03-15
"53033022001",57,0.000710853856238974,3.96676713821838,37234.9218489687,37234.9218489687,"Kirkland - North","53033022001",57,"point population",2023-03-15
"53033022003",57,1,5019.11711790178,37234.9218489687,37234.9218489687,"Kirkland - North","53033022003",57,"point population",2023-03-15
"53033022101",57,0.030628789327149,161.532052058851,37234.9218489687,37234.9218489687,"Kirkland - North","53033022101",57,"point population",2023-03-15
"53033022102",57,0.0226347575943096,158.392526844881,37234.9218489687,37234.9218489687,"Kirkland - North","53033022102",57,"point population",2023-03-15
"53033022201",57,1,4538.2097751647,37234.9218489687,37234.9218489687,"Kirkland - North","53033022201",57,"point population",2023-03-15
"53033022202",57,0.508999121016038,4011.75867664349,37234.9218489687,37234.9218489687,"Kirkland - North","53033022202",57,"point population",2023-03-15
"53033022203",57,0.93453703611138,5139.90987682948,37234.9218489687,37234.9218489687,"Kirkland - North","53033022203",57,"point population",2023-03-15
"53033022300",57,1,2824.76025199548,37234.9218489687,37234.9218489687,"Kirkland - North","53033022300",57,"point population",2023-03-15
"53033000300",58,1,2859.71970125286,37251.6304448911,37251.6304448911,"Seattle - Broadview, Haller Lake, and Licton Springs","53033000300",58,"point population",2023-03-15
"53033000401",58,1,7401.64449729,37251.6304448911,37251.6304448911,"Seattle - Broadview, Haller Lake, and Licton Springs","53033000401",58,"point population",2023-03-15
"53033000402",58,1,5183.78480392759,37251.6304448911,37251.6304448911,"Seattle - Broadview, Haller Lake, and Licton Springs","53033000402",58,"point population",2023-03-15
"53033000500",58,1,3376.43887838492,37251.6304448911,37251.6304448911,"Seattle - Broadview, Haller Lake, and Licton Springs","53033000500",58,"point population",2023-03-15
"53033000600",58,1,8086.56409354436,37251.6304448911,37251.6304448911,"Seattle - Broadview, Haller Lake, and Licton Springs","53033000600",58,"point population",2023-03-15
"53033001300",58,1,5122.98362688258,37251.6304448911,37251.6304448911,"Seattle - Broadview, Haller Lake, and Licton Springs","53033001300",58,"point population",2023-03-15
"53033001400",58,0.000664536132132671,3.55221690465226,37251.6304448911,37251.6304448911,"Seattle - Broadview, Haller Lake, and Licton Springs","53033001400",58,"point population",2023-03-15
"53033001800",58,1,5216.23218332375,37251.6304448911,37251.6304448911,"Seattle - Broadview, Haller Lake, and Licton Springs","53033001800",58,"point population",2023-03-15
"53033020900",58,0.000179288762421185,0.710443380930452,37251.6304448911,37251.6304448911,"Seattle - Broadview, Haller Lake, and Licton Springs","53033020900",58,"point population",2023-03-15
"53033020401",59,0.0265638248049534,104.254070109902,37638.4827146886,37674.6953922398,"Kenmore and Lake Forest Park","53033020401",59,"point population",2023-03-15
"53033020402",59,0.671087752229487,3840.70018383235,37638.4827146886,37674.6953922398,"Kenmore and Lake Forest Park","53033020402",59,"point population",2023-03-15
"53033021300",59,0.679707371340639,2728.63616956065,37638.4827146886,37674.6953922398,"Kenmore and Lake Forest Park","53033021300",59,"point population",2023-03-15
"53033021400",59,0.893639553644519,3480.61272890403,37638.4827146886,37674.6953922398,"Kenmore and Lake Forest Park","53033021400",59,"point population",2023-03-15
"53033021500",59,1,4652.86119906018,37638.4827146886,37674.6953922398,"Kenmore and Lake Forest Park","53033021500",59,"point population",2023-03-15
"53033021600",59,1,5368.99736445315,37638.4827146886,37674.6953922398,"Kenmore and Lake Forest Park","53033021600",59,"point population",2023-03-15
"53033021700",59,0.801678833431879,7542.22304700346,37638.4827146886,37674.6953922398,"Kenmore and Lake Forest Park","53033021700",59,"point population",2023-03-15
"53033022101",59,0.969371210672851,5112.33138189905,37638.4827146886,37674.6953922398,"Kenmore and Lake Forest Park","53033022101",59,"point population",2023-03-15
"53033022102",59,0.68705826292747,4807.86656986754,37638.4827146886,37674.6953922398,"Kenmore and Lake Forest Park","53033022102",59,"point population",2023-03-15
"53033021700",60,0.198321166568118,1865.81260577309,42697.1676575625,42721.6052986237,"Bothell and Woodinville","53033021700",60,"point population",2023-03-15
"53033021802",60,1,6084.49141674568,42697.1676575625,42721.6052986237,"Bothell and Woodinville","53033021802",60,"point population",2023-03-15
"53033021803",60,1,6263.48191951043,42697.1676575625,42721.6052986237,"Bothell and Woodinville","53033021803",60,"point population",2023-03-15
"53033021804",60,1,5621.40717787422,42697.1676575625,42721.6052986237,"Bothell and Woodinville","53033021804",60,"point population",2023-03-15
"53033021904",60,0.000433312387200558,2.51313890682331,42697.1676575625,42721.6052986237,"Bothell and Woodinville","53033021904",60,"point population",2023-03-15
"53033021905",60,0.653426870313273,3630.0096632387,42697.1676575625,42721.6052986237,"Bothell and Woodinville","53033021905",60,"point population",2023-03-15
"53033021906",60,0.738473810420382,3433.9939690592,42697.1676575625,42721.6052986237,"Bothell and Woodinville","53033021906",60,"point population",2023-03-15
"53033022001",60,0.999289146143761,5576.31827092288,42697.1676575625,42721.6052986237,"Bothell and Woodinville","53033022001",60,"point population",2023-03-15
"53033022102",60,0.290306979478245,2031.49761373297,42697.1676575625,42721.6052986237,"Bothell and Woodinville","53033022102",60,"point population",2023-03-15
"53033032319",60,0.997672707069544,6479.0374170497,42697.1676575625,42721.6052986237,"Bothell and Woodinville","53033032319",60,"point population",2023-03-15
"53033032320",60,0.362155134873027,1607.18219379441,42697.1676575625,42721.6052986237,"Bothell and Woodinville","53033032320",60,"point population",2023-03-15
"53033032321",60,0.0126979269870242,101.422270956007,42697.1676575625,42721.6052986237,"Bothell and Woodinville","53033032321",60,"point population",2023-03-15
"53033020100",61,1,3302.71489087849,60118.4570381165,60118.4570381165,"Shoreline","53033020100",61,"point population",2023-03-15
"53033020200",61,1,6187.32541913036,60118.4570381165,60118.4570381165,"Shoreline","53033020200",61,"point population",2023-03-15
"53033020300",61,1,7570.25429225066,60118.4570381165,60118.4570381165,"Shoreline","53033020300",61,"point population",2023-03-15
"53033020401",61,0.973436175195047,3820.40929728522,60118.4570381165,60118.4570381165,"Shoreline","53033020401",61,"point population",2023-03-15
"53033020402",61,0.328912247770506,1882.39664079714,60118.4570381165,60118.4570381165,"Shoreline","53033020402",61,"point population",2023-03-15
"53033020500",61,1,7778.38691150811,60118.4570381165,60118.4570381165,"Shoreline","53033020500",61,"point population",2023-03-15
"53033020600",61,1,3850.41881626969,60118.4570381165,60118.4570381165,"Shoreline","53033020600",61,"point population",2023-03-15
"53033020700",61,1,4456.49228539618,60118.4570381165,60118.4570381165,"Shoreline","53033020700",61,"point population",2023-03-15
"53033020800",61,1,4622.4505853865,60118.4570381165,60118.4570381165,"Shoreline","53033020800",61,"point population",2023-03-15
"53033020900",61,0.999820711237579,3961.85459045804,60118.4570381165,60118.4570381165,"Shoreline","53033020900",61,"point population",2023-03-15
"53033021000",61,1,6228.10404636623,60118.4570381165,60118.4570381165,"Shoreline","53033021000",61,"point population",2023-03-15
"53033021100",61,1,4759.97966249324,60118.4570381165,60118.4570381165,"Shoreline","53033021100",61,"point population",2023-03-15
"53033021300",61,0.319699148428666,1283.40915011648,60118.4570381165,60118.4570381165,"Shoreline","53033021300",61,"point population",2023-03-15
"53033021400",61,0.106360446355481,414.26044978316,60118.4570381165,60118.4570381165,"Shoreline","53033021400",61,"point population",2023-03-15
