zip,zip_type,city,city_primary,multi_county,office_building,notes
98001,Standard,Auburn,Auburn,NA,NA,NA
98002,Standard,Auburn,Auburn,NA,NA,NA
98003,Standard,Federal Way,Federal Way,NA,NA,NA
98004,Standard,Bellevue,Bellevue,NA,NA,NA
98005,Standard,Bellevue,Bellevue,NA,NA,NA
98006,Standard,Bellevue,Bellevue,NA,NA,NA
98007,Standard,Bellevue,Bellevue,NA,NA,NA
98008,Standard,Bellevue,Bellevue,NA,NA,NA
98009,PO Box,Bellevue,Bellevue,NA,NA,NA
98010,Standard,Black Diamond,Black Diamond,NA,NA,NA
98011,Standard,Bothell,Bothell,NA,NA,NA
98013,PO Box,"Burton, Vashon",Burton,NA,NA,NA
98014,Standard,Carnation,Carnation,NA,NA,NA
98015,PO Box,Bellevue,Bellevue,NA,NA,NA
98019,Standard,Duvall,Duvall,1,NA,NA
98022,Standard,Enumclaw,Enumclaw,1,NA,crosses county
98023,Standard,Federal Way,Federal Way,NA,NA,NA
98024,Standard,Fall City,Fall City,NA,NA,NA
98025,PO Box,Hobart,Hobart,NA,NA,NA
98027,Standard,Issaquah,Issaquah,NA,NA,NA
98028,Standard,Bothell,Kenmore,NA,NA,NA
98029,Standard,Issaquah,Issaquah,NA,NA,NA
98030,Standard,Kent,Kent,NA,NA,started in 2003
98031,Standard,Kent,Kent,NA,NA,NA
98032,Standard,Kent,Kent,NA,NA,NA
98033,Standard,Kirkland,Kirkland,NA,NA,NA
98034,Standard,Kirkland,Kirkland,NA,NA,NA
98035,PO Box,Kent,Kent,NA,NA,NA
98038,Standard,Maple Valley,Maple Valley,NA,NA,NA
98039,Standard,Medina,Medina,NA,NA,NA
98040,Standard,Mercer Island,Mercer Island,NA,NA,NA
98041,PO Box,Bothell,Bothell,NA,NA,NA
98042,Standard,Kent,Kent,NA,NA,NA
98045,Standard,North Bend,North Bend,NA,NA,NA
98047,Standard,Auburn,Pacific,1,NA,crosses county
98050,PO Box,Preston,Preston,NA,NA,NA
98051,Standard,Reavensdale,Reavensdale,NA,NA,NA
98052,Standard,Redmond,Redmond,NA,NA,NA
98053,Standard,Redmond,Redmond,NA,NA,NA
98054,PO Box,Auburn-Redondo,Redondo,NA,NA,NA
98055,Standard,Renton,Renton,NA,NA,NA
98056,Standard,Renton,Renton,NA,NA,NA
98057,PO Box,Renton,Renton,NA,NA,NA
98058,Standard,Renton,Renton,NA,NA,NA
98059,Standard,Renton,Renton,NA,NA,NA
98062,PO Box,Seahurst,Seahurst,NA,NA,NA
98063,PO Box,Auburn,Federal Way,NA,NA,NA
98064,PO Box,Kent,Kent,NA,NA,NA
98065,Standard,Snoqualmie,Snoqualmie,NA,NA,NA
98068,PO Box,Snoqualmie Pass,Snoqualmie Pass,1,NA,NA
98070,Standard,Vashon,Vashon,NA,NA,NA
98071,PO Box,Auburn,Auburn,NA,NA,NA
98072,Standard,Woodinville/2counties,Woodinville,1,NA,crosses county
98073,PO Box,Redmond,Redmond,NA,NA,NA
98074,Standard,Samamish/Redmond,Sammamish,NA,NA,NA
98075,Standard,Samamish/Issaquah,Samamish/Issaquah,NA,NA,NA
98077,Standard,Woodinville/2counties,Woodinville,1,NA,crosses county
98082,PO Box,Mill Creek,Mill Creek,1,NA,NA
98083,PO Box,Kirkland,Kirkland,NA,NA,NA
98089,PO Box,Kent,Kent,NA,NA,NA
98092,Standard,Auburn,Auburn,1,NA,crosses county
98093,PO Box,Auburn,Federal Way,NA,NA,NA
98101,Standard,Seattle,Seattle,NA,NA,NA
98102,Standard,Seattle,Seattle,NA,NA,NA
98103,Standard,Seattle,Seattle,NA,NA,NA
98104,Standard,Seattle,Seattle,NA,NA,NA
98105,Standard,Seattle,Seattle,NA,NA,NA
98106,Standard,Seattle,Seattle,NA,NA,NA
98107,Standard,Seattle,Seattle,NA,NA,NA
98108,Standard,Seattle,Seattle,NA,NA,NA
98109,Standard,Seattle,Seattle,NA,NA,NA
98111,PO Box,Seattle,Seattle,NA,NA,NA
98112,Standard,Seattle,Seattle,NA,NA,NA
98113,PO Box,Seattle,Seattle,NA,NA,NA
98114,PO Box,Seattle,Seattle,NA,NA,NA
98115,Standard,Seattle,Seattle,NA,NA,NA
98116,Standard,Seattle,Seattle,NA,NA,NA
98117,Standard,Seattle,Seattle,NA,NA,NA
98118,Standard,Seattle,Seattle,NA,NA,NA
98119,Standard,Seattle,Seattle,NA,NA,NA
98121,Standard,Seattle,Seattle,NA,NA,NA
98122,Standard,Seattle,Seattle,NA,NA,NA
98124,PO Box,Seattle,Seattle,NA,NA,NA
98125,Standard,Seattle,Seattle,NA,NA,NA
98126,Standard,Seattle,Seattle,NA,NA,NA
98127,PO Box,Seattle,Seattle,NA,NA,NA
98129,PO Box,Seatle,Seatle,NA,NA,NA
98131,PO Box,Seattle,Seattle,NA,NA,NA
98132,Standard,Seattle,Seattle,NA,NA,NA
98133,Standard,Seattle/N County,Seattle,NA,NA,NA
98134,Standard,Seattle,Seattle,NA,NA,NA
98136,Standard,Seattle,Seattle,NA,NA,NA
98138,PO Box,Seattle,Seattle,NA,NA,NA
98139,PO Box,Seattle,Seattle,NA,NA,NA
98141,PO Box,Seattle,Seattle,NA,NA,NA
98144,Standard,Seattle,Seattle,NA,NA,NA
98145,PO Box,Seattle,Seattle,NA,NA,NA
98146,Standard,Seattle,White Center,NA,NA,NA
98148,Standard,Seattle,Burien,NA,NA,NA
98154,PO Box,Seattle,Seattle,NA,NA,NA
98155,Standard,Seattle/N County,Seattle,NA,NA,NA
98158,Standard,Seattle,Seattle,NA,NA,NA
98160,PO Box,Seattle,Seattle,NA,NA,NA
98161,PO Box,Seattle,Seattle,NA,NA,NA
98164,PO Box,Seattle,Seattle,NA,NA,NA
98165,PO Box,Seattle,Seattle,NA,NA,NA
98166,Standard,Seattle,Normandy Park,NA,NA,NA
98168,Standard,Seattle,SeaTac,NA,NA,NA
98170,PO Box,Seattle,Seattle,NA,NA,NA
98171,PO Box,Seattle,Seattle,NA,NA,NA
98174,PO Box,Seattle,Seattle,NA,NA,NA
98175,PO Box,Seattle,Seattle,NA,NA,NA
98177,Standard,Seattle/N County,Seattle,NA,NA,NA
98178,Standard,Seattle,Bryn Mawr-Skyway,NA,NA,NA
98181,PO Box,Seattle,Seattle,NA,NA,NA
98185,PO Box,Seattle,Seattle,NA,NA,NA
98188,Standard,Seattle,SeaTac,NA,NA,NA
98189,PO Box,West Valley Business Park in Kent,Kent,NA,NA,NA
98190,PO Box,Seattle,Seattle,NA,NA,NA
98191,PO Box,Seattle,Seattle,NA,NA,NA
98194,PO Box,Seattle,Seattle,NA,NA,NA
98195,Unique,Seattle,Seattle,NA,building,Univ of WA; source: usps. Includes dorms
98198,Standard,Seattle,Des Moines,NA,NA,NA
98199,Standard,Seattle,Seattle,NA,NA,NA
98224,PO Box,Baring,Baring,NA,NA,NA
98288,PO Box,Skykomish,Skykomish,NA,NA,NA
